[(0, 0.15539426), (3, 0.052613858), (4, 0.015274972), (7, 0.20126784), (8, 0.019946042), (21, 0.09171196), (22, 0.010267931), (25, 0.052889757), (30, 0.06632877), (34, 0.033565886), (39, 0.022100959), (43, 0.011942209), (47, 0.19432624), (48, 0.010979117), (49, 0.0375527)]
[(3, 0.09190507), (7, 0.37998536), (8, 0.016815836), (21, 0.26954192), (27, 0.06881197), (30, 0.050687473), (39, 0.012762631), (47, 0.011903336), (49, 0.048741393)]
[(0, 0.016778585), (5, 0.10871826), (8, 0.17792584), (9, 0.28736678), (14, 0.064867646), (21, 0.019115062), (22, 0.023591572), (48, 0.06983293), (49, 0.1862901)]
[(0, 0.030410178), (3, 0.16685277), (5, 0.049359262), (7, 0.23887138), (8, 0.022720344), (21, 0.044751957), (22, 0.014031575), (27, 0.019429352), (30, 0.11267071), (35, 0.014437153), (39, 0.023384955), (47, 0.025982449), (49, 0.2127728)]
[(0, 0.062069964), (1, 0.07761515), (4, 0.012270995), (7, 0.056964904), (13, 0.036352515), (21, 0.012602042), (22, 0.015071798), (30, 0.05284371), (35, 0.13545555), (39, 0.027287928), (47, 0.0977557), (48, 0.2724048), (49, 0.103852086)]
[(0, 0.036610402), (4, 0.38061512), (7, 0.019014325), (21, 0.020730302), (22, 0.0460627), (30, 0.045027662), (43, 0.120351575), (45, 0.023027971), (47, 0.010079871), (48, 0.23984015), (49, 0.024222523)]
[(0, 0.14383073), (2, 0.02875215), (7, 0.015315997), (11, 0.01973378), (13, 0.062989436), (21, 0.10023188), (23, 0.44645238), (30, 0.012216448), (35, 0.016065568), (36, 0.08166537), (49, 0.013540381)]
[(0, 0.013485597), (3, 0.112882614), (7, 0.08892373), (9, 0.016107004), (12, 0.18352255), (14, 0.012659202), (21, 0.045821305), (30, 0.10188886), (39, 0.021333665), (43, 0.011180571), (49, 0.34549463)]
[(0, 0.025954036), (2, 0.120558195), (6, 0.043084733), (7, 0.3607425), (8, 0.032064296), (21, 0.12535271), (22, 0.035604265), (30, 0.034060758), (36, 0.024701567), (47, 0.029635279), (49, 0.12786229)]
[(0, 0.198645), (2, 0.039741047), (7, 0.013268238), (8, 0.016980944), (13, 0.063524835), (21, 0.027205002), (23, 0.5110952), (30, 0.020917986), (31, 0.014079828), (35, 0.012126798), (36, 0.011116421), (48, 0.030968674), (49, 0.020470593)]
[(0, 0.051423058), (1, 0.25801498), (4, 0.013981201), (7, 0.037507694), (8, 0.020981623), (9, 0.05881237), (14, 0.19819392), (34, 0.010082331), (43, 0.069737986), (47, 0.21069591), (48, 0.017846715), (49, 0.0321356)]
[(0, 0.045853868), (4, 0.0420183), (7, 0.042519327), (8, 0.027321747), (9, 0.23931628), (11, 0.017756004), (14, 0.010492406), (21, 0.28324944), (30, 0.033185676), (31, 0.017037539), (35, 0.010481101), (39, 0.020988347), (45, 0.08896034), (47, 0.05344162), (48, 0.035666145), (49, 0.028096939)]
[(0, 0.033308376), (4, 0.03146789), (14, 0.44780862), (22, 0.018348068), (30, 0.05438335), (35, 0.0771392), (39, 0.062358607), (47, 0.21177475), (48, 0.038540266)]
[(0, 0.05136417), (4, 0.013224622), (5, 0.045557633), (8, 0.042258114), (14, 0.46601015), (21, 0.015828252), (22, 0.097232625), (47, 0.058651898), (48, 0.02863878), (49, 0.13056928)]
[(0, 0.017323835), (4, 0.010174755), (9, 0.047755603), (18, 0.1069023), (22, 0.17366336), (30, 0.033281367), (39, 0.47005934), (45, 0.08092324), (48, 0.016938165), (49, 0.017058654)]
[(0, 0.02814366), (3, 0.0121336), (4, 0.0960012), (7, 0.087108485), (8, 0.116249986), (9, 0.0202095), (21, 0.03964163), (22, 0.2562175), (27, 0.02171448), (30, 0.026191665), (43, 0.0218033), (47, 0.04653789), (48, 0.08334419), (49, 0.12056166)]
[(0, 0.012451025), (2, 0.33273017), (4, 0.06326775), (7, 0.010718538), (8, 0.025370985), (22, 0.1179994), (37, 0.08159627), (43, 0.010808317), (47, 0.1688774), (48, 0.044743877), (49, 0.10904647)]
[(0, 0.05976629), (5, 0.03345681), (7, 0.1322178), (8, 0.53899497), (21, 0.011665141), (27, 0.039941393), (36, 0.03454284), (49, 0.10105919)]
[(0, 0.052191515), (3, 0.04668605), (4, 0.044735763), (5, 0.034651324), (7, 0.109923236), (8, 0.21060845), (11, 0.011893835), (14, 0.035281196), (18, 0.012717813), (21, 0.022905935), (27, 0.12132835), (35, 0.013199678), (47, 0.015655948), (48, 0.06505567), (49, 0.16756366)]
[(0, 0.021755766), (4, 0.012301593), (9, 0.041833505), (21, 0.016289096), (22, 0.14040115), (30, 0.026906027), (35, 0.0137141), (39, 0.4918213), (45, 0.16472271), (47, 0.01091454), (48, 0.019204233)]
[(0, 0.09469164), (4, 0.056885786), (7, 0.09420254), (9, 0.06913367), (20, 0.03111816), (21, 0.02704262), (22, 0.12698556), (30, 0.028237013), (35, 0.02016853), (39, 0.058831472), (45, 0.09371239), (47, 0.097479105), (48, 0.06451542), (49, 0.10462322)]
[(0, 0.07872117), (4, 0.10526128), (7, 0.01571199), (21, 0.068669364), (25, 0.37115824), (30, 0.029783156), (35, 0.035568893), (39, 0.020593239), (45, 0.010206005), (47, 0.025521372), (48, 0.09792999), (49, 0.11105011)]
[(0, 0.038386222), (4, 0.02846421), (7, 0.06313015), (8, 0.29783374), (9, 0.01927338), (14, 0.010610917), (21, 0.17281938), (22, 0.061619755), (30, 0.03834945), (35, 0.0145279), (48, 0.08684454), (49, 0.13461155)]
[(0, 0.03501603), (2, 0.014005624), (7, 0.011459171), (11, 0.08813288), (21, 0.2056659), (23, 0.3494), (31, 0.012925511), (36, 0.106957085), (47, 0.010870959), (48, 0.014714464), (49, 0.09989503)]
[(0, 0.044747032), (4, 0.011008506), (5, 0.112847425), (8, 0.46566078), (31, 0.060533408), (34, 0.031020062), (35, 0.022904614), (39, 0.041054454), (43, 0.010911365), (47, 0.020882439), (48, 0.019668704), (49, 0.12946525)]
[(0, 0.057256658), (2, 0.012921066), (5, 0.016105067), (7, 0.01183996), (11, 0.11831545), (13, 0.13626394), (14, 0.023288513), (21, 0.09451292), (23, 0.39756405), (30, 0.030131409), (31, 0.028170545), (39, 0.010627743), (48, 0.022702608), (49, 0.02797014)]
[(0, 0.09399981), (2, 0.085791506), (3, 0.03740039), (7, 0.19760141), (13, 0.014770522), (14, 0.044589397), (21, 0.010645453), (25, 0.012276606), (30, 0.14769046), (34, 0.054434948), (35, 0.017191121), (47, 0.09786931), (49, 0.14671037)]
[(0, 0.023964286), (4, 0.14643852), (5, 0.02263325), (7, 0.06738604), (8, 0.040671207), (9, 0.06256817), (22, 0.22930749), (25, 0.037561543), (30, 0.05110289), (35, 0.057980437), (43, 0.023749055), (48, 0.040579863), (49, 0.15804845)]
[(0, 0.089124456), (4, 0.012736622), (7, 0.25941172), (8, 0.031580918), (14, 0.054864995), (25, 0.02379753), (34, 0.07793673), (37, 0.11213022), (39, 0.028847456), (48, 0.13668594), (49, 0.11574941)]
[(0, 0.19786839), (2, 0.13301207), (4, 0.04307832), (7, 0.049887255), (8, 0.037952296), (13, 0.070570536), (22, 0.025916673), (23, 0.012117314), (30, 0.11075126), (36, 0.18579677), (43, 0.011320391), (49, 0.07037109)]
[(0, 0.09599903), (5, 0.042917583), (7, 0.049824227), (8, 0.042864036), (9, 0.047247104), (11, 0.35860166), (14, 0.013350082), (21, 0.029544009), (23, 0.014712731), (31, 0.08600372), (39, 0.015615067), (47, 0.01833419), (48, 0.043526545), (49, 0.112171784)]
[(0, 0.013679685), (9, 0.09136529), (18, 0.021201853), (22, 0.14808182), (39, 0.5146463), (45, 0.08228504), (48, 0.08017486), (49, 0.011820973)]
[(0, 0.034193765), (4, 0.11510646), (5, 0.03197549), (7, 0.027903987), (8, 0.10914765), (9, 0.040130235), (14, 0.018206162), (21, 0.035531443), (22, 0.15371303), (25, 0.0623864), (35, 0.026601218), (39, 0.012246249), (43, 0.039307717), (47, 0.010883206), (48, 0.12342101), (49, 0.15056312)]
[(0, 0.092674665), (2, 0.02332504), (11, 0.05029343), (13, 0.038278196), (14, 0.035974044), (21, 0.115875565), (23, 0.521943), (30, 0.048433907), (47, 0.010699225), (48, 0.012736497), (49, 0.0343158)]
[(0, 0.03100044), (3, 0.15719089), (7, 0.24853687), (21, 0.1097144), (22, 0.01374122), (30, 0.10006759), (34, 0.035518005), (37, 0.11735361), (39, 0.01309573), (47, 0.01066773), (48, 0.010255059), (49, 0.124860056)]
[(0, 0.14791535), (3, 0.08581837), (7, 0.19333579), (14, 0.29108548), (21, 0.028458977), (22, 0.013163578), (30, 0.06296936), (39, 0.011759247), (47, 0.0156104155), (48, 0.05602215), (49, 0.05130059)]
[(0, 0.11773906), (2, 0.01200025), (7, 0.013820932), (11, 0.16605869), (13, 0.07310708), (14, 0.018555913), (21, 0.072322324), (23, 0.2408526), (30, 0.10140661), (35, 0.018177591), (39, 0.050087407), (48, 0.045407392), (49, 0.052123483)]
[(0, 0.0947501), (4, 0.025353739), (7, 0.016377673), (9, 0.021113884), (21, 0.024230404), (22, 0.053640496), (30, 0.03320025), (35, 0.18260321), (39, 0.02886555), (45, 0.41658145), (49, 0.075214155)]
[(0, 0.024339015), (7, 0.012211435), (14, 0.36008912), (21, 0.031662736), (22, 0.06448637), (30, 0.0227421), (39, 0.25996175), (45, 0.023817254), (48, 0.09384293), (49, 0.045172106)]
[(0, 0.025067486), (4, 0.013780406), (6, 0.20572457), (7, 0.016482584), (8, 0.014688812), (9, 0.054467525), (14, 0.23819892), (21, 0.024318963), (22, 0.010250335), (35, 0.010018603), (39, 0.011239017), (45, 0.10717627), (47, 0.0144073805), (48, 0.1740093), (49, 0.033155296)]
[(0, 0.053974383), (3, 0.04124332), (7, 0.22110483), (13, 0.018070042), (21, 0.17951971), (22, 0.047090646), (25, 0.013356791), (30, 0.1038043), (34, 0.036168106), (39, 0.015136248), (47, 0.051264256), (48, 0.08085767), (49, 0.11840087)]
[(0, 0.062066354), (2, 0.01594542), (11, 0.19131707), (13, 0.08646917), (14, 0.03746367), (21, 0.056164864), (23, 0.36003676), (30, 0.06989427), (47, 0.021016352), (48, 0.029604252), (49, 0.038466763)]
[(0, 0.06596622), (5, 0.048453335), (6, 0.025784452), (7, 0.19313245), (8, 0.17345561), (14, 0.047629643), (21, 0.015708908), (22, 0.081042774), (27, 0.06282081), (39, 0.018170921), (47, 0.02758674), (48, 0.13979477), (49, 0.08897409)]
[(0, 0.05523049), (7, 0.24027526), (8, 0.13442056), (14, 0.069299474), (21, 0.075835705), (22, 0.0133205885), (30, 0.047639474), (39, 0.23831959), (48, 0.03107743), (49, 0.07730152)]
[(0, 0.074838), (4, 0.0138700865), (8, 0.038377766), (14, 0.5652597), (21, 0.11742702), (22, 0.034501728), (27, 0.03538845), (35, 0.022003299), (47, 0.015863862), (49, 0.04110505)]
[(0, 0.13428883), (7, 0.010335485), (8, 0.015920112), (11, 0.06233325), (14, 0.19660407), (23, 0.25160953), (30, 0.0375012), (39, 0.045100704), (47, 0.16579813), (48, 0.012737245), (49, 0.0144072)]
[(0, 0.13166392), (1, 0.016123313), (2, 0.02154323), (4, 0.014943769), (7, 0.02337693), (8, 0.10112647), (14, 0.063037485), (23, 0.071655676), (35, 0.030594436), (36, 0.29200196), (47, 0.053475507), (48, 0.047095805), (49, 0.09814899)]
[(0, 0.08597923), (4, 0.0148647325), (7, 0.018412374), (9, 0.01667469), (14, 0.07478154), (22, 0.15710536), (39, 0.4158659), (45, 0.09839453), (47, 0.033875443), (48, 0.027210567), (49, 0.01973262)]
[(0, 0.07008923), (7, 0.059409454), (8, 0.16338374), (14, 0.37563014), (21, 0.035521194), (30, 0.1414609), (47, 0.02341274), (48, 0.051820684), (49, 0.04429059)]
[(0, 0.027494976), (4, 0.03945575), (5, 0.023961298), (7, 0.01765263), (8, 0.03929851), (21, 0.050158888), (22, 0.10189904), (43, 0.361599), (47, 0.022198617), (48, 0.06666391), (49, 0.22657488)]
[(0, 0.07678059), (3, 0.07361541), (4, 0.032502133), (7, 0.1942064), (14, 0.014591292), (21, 0.124362126), (22, 0.018569328), (30, 0.10629697), (32, 0.09808077), (47, 0.024512818), (48, 0.036250826), (49, 0.17914551)]
[(0, 0.16084366), (2, 0.07098574), (5, 0.015170408), (7, 0.029253019), (8, 0.023027344), (13, 0.057816736), (21, 0.037623856), (22, 0.022466686), (23, 0.23170666), (30, 0.05496796), (36, 0.18714729), (48, 0.011723296), (49, 0.057097793)]
[(0, 0.03361809), (3, 0.016241644), (4, 0.025014067), (7, 0.1350781), (13, 0.013831393), (21, 0.09157624), (22, 0.038139284), (25, 0.17468154), (30, 0.09212051), (34, 0.012764544), (39, 0.010682546), (47, 0.1521774), (48, 0.04527822), (49, 0.119740054)]
[(0, 0.067063466), (4, 0.050161254), (5, 0.021060323), (21, 0.022215128), (22, 0.10437707), (30, 0.056573838), (35, 0.1370306), (39, 0.02102272), (45, 0.3376227), (47, 0.015712263), (48, 0.022755314), (49, 0.117196925)]
[(0, 0.05041541), (4, 0.03586301), (5, 0.025100613), (7, 0.04195148), (8, 0.10119365), (9, 0.11221808), (14, 0.017147034), (22, 0.15161958), (32, 0.020198284), (35, 0.080968596), (39, 0.026087428), (45, 0.12385018), (47, 0.025201386), (48, 0.04135078), (49, 0.124783315)]
[(0, 0.08033474), (5, 0.16673945), (6, 0.05396627), (7, 0.18291673), (8, 0.11158512), (14, 0.057130676), (21, 0.021649629), (27, 0.09456084), (47, 0.044476062), (48, 0.021441633), (49, 0.139285)]
[(0, 0.06539618), (3, 0.02466949), (4, 0.03885724), (7, 0.039042637), (8, 0.028609518), (9, 0.010481505), (21, 0.055860274), (25, 0.011295337), (30, 0.0806215), (34, 0.08758449), (43, 0.19433406), (47, 0.03443118), (48, 0.07608869), (49, 0.22256938)]
[(0, 0.038546376), (4, 0.05625394), (5, 0.11337078), (8, 0.028100995), (9, 0.0122137), (14, 0.012098073), (25, 0.3919002), (35, 0.016678955), (39, 0.0206196), (45, 0.025850827), (47, 0.04182736), (48, 0.17027466), (49, 0.057253897)]
[(0, 0.017028194), (1, 0.018572014), (4, 0.013690172), (14, 0.06455629), (22, 0.29339063), (25, 0.012870751), (27, 0.033842698), (39, 0.042018846), (47, 0.048147693), (48, 0.31765714), (49, 0.10737674)]
[(0, 0.08496589), (4, 0.012237046), (5, 0.028079184), (6, 0.050009694), (7, 0.29569086), (8, 0.2305833), (14, 0.021791723), (21, 0.014302883), (27, 0.067173384), (34, 0.0155396685), (39, 0.011505717), (48, 0.032928377), (49, 0.10598283)]
[(0, 0.014853013), (2, 0.011592257), (4, 0.21697699), (8, 0.05262588), (14, 0.016580073), (22, 0.042797737), (39, 0.017952818), (45, 0.016684853), (47, 0.03851109), (48, 0.05216115), (49, 0.4745154)]
[(0, 0.13322769), (2, 0.022749009), (5, 0.019170448), (11, 0.13599272), (13, 0.12243977), (21, 0.10169678), (23, 0.32313484), (30, 0.06504256), (47, 0.017404867), (48, 0.012807625), (49, 0.01797319)]
[(0, 0.062886216), (4, 0.0322784), (5, 0.022360217), (9, 0.017936554), (21, 0.03158411), (22, 0.14794146), (30, 0.045619424), (35, 0.15595183), (39, 0.026497673), (45, 0.3432677), (47, 0.012042777), (48, 0.0154056065), (49, 0.070876904)]
[(0, 0.040834136), (4, 0.011582022), (5, 0.21787329), (7, 0.02451045), (8, 0.2464255), (9, 0.01464411), (14, 0.03301427), (21, 0.07237068), (22, 0.022612443), (34, 0.025573764), (43, 0.03987049), (47, 0.021990921), (48, 0.05419248), (49, 0.14394613)]
[(0, 0.021646785), (1, 0.05947235), (2, 0.13826787), (4, 0.019304635), (7, 0.1925372), (8, 0.013933924), (13, 0.025133202), (21, 0.046061695), (22, 0.17421512), (30, 0.032100808), (35, 0.029246641), (39, 0.012686678), (47, 0.049350698), (48, 0.06272971), (49, 0.11164961)]
[(0, 0.06819496), (4, 0.020710036), (5, 0.023854192), (8, 0.015569793), (9, 0.018617246), (14, 0.04967433), (21, 0.07127938), (22, 0.085192405), (35, 0.07988301), (39, 0.021522177), (45, 0.37485802), (47, 0.023655213), (48, 0.049532395), (49, 0.0832102)]
[(0, 0.09972779), (5, 0.018406423), (6, 0.101261266), (7, 0.3194842), (8, 0.11235377), (14, 0.013060544), (21, 0.112705715), (27, 0.06736732), (30, 0.026076842), (35, 0.021113057), (48, 0.028962968), (49, 0.04477317)]
[(0, 0.07376474), (11, 0.18684925), (13, 0.041579228), (21, 0.16095424), (23, 0.4054166), (30, 0.02330906), (39, 0.016605215), (48, 0.012936298), (49, 0.042975836)]
[(0, 0.082106985), (7, 0.0842356), (8, 0.20196214), (9, 0.034733377), (14, 0.025045343), (21, 0.19428614), (22, 0.017444462), (30, 0.05388469), (39, 0.013103362), (47, 0.038730793), (48, 0.10769139), (49, 0.11408309)]
[(0, 0.058583982), (3, 0.16077219), (7, 0.19871396), (8, 0.02791035), (14, 0.04282205), (21, 0.0145961195), (22, 0.014700175), (27, 0.15252146), (35, 0.05872579), (39, 0.01675177), (48, 0.1275382), (49, 0.07408271)]
[(0, 0.12680057), (4, 0.037639882), (7, 0.08988703), (8, 0.1352873), (9, 0.04913737), (13, 0.01478882), (14, 0.024915932), (21, 0.053781454), (22, 0.04679945), (25, 0.01149261), (45, 0.1990967), (47, 0.021972528), (48, 0.052122552), (49, 0.101477124)]
[(0, 0.027290266), (4, 0.018610807), (5, 0.024343451), (7, 0.013338009), (9, 0.20779009), (11, 0.04230476), (14, 0.014868394), (18, 0.014632843), (22, 0.15839586), (30, 0.023859043), (35, 0.062329534), (45, 0.08276448), (47, 0.07209665), (48, 0.13280357), (49, 0.06646218)]
[(0, 0.10465573), (3, 0.016651522), (7, 0.49875292), (8, 0.10554143), (21, 0.055311173), (30, 0.07015379), (49, 0.09398475)]
[(0, 0.03399096), (2, 0.13515277), (4, 0.017799614), (7, 0.22862692), (8, 0.04424289), (13, 0.026665028), (21, 0.09710568), (22, 0.1744426), (30, 0.01266133), (37, 0.015162876), (47, 0.024232162), (48, 0.0775209), (49, 0.08952301)]
[(0, 0.12907849), (2, 0.033053365), (13, 0.07929547), (21, 0.040350802), (23, 0.49341425), (30, 0.09034078), (36, 0.025469156), (48, 0.01173862), (49, 0.061897762)]
[(0, 0.02167961), (1, 0.040681046), (4, 0.055124383), (7, 0.024424765), (14, 0.3183467), (21, 0.045263376), (22, 0.08055994), (23, 0.28102547), (49, 0.08657166)]
[(0, 0.118906885), (2, 0.016854947), (7, 0.03666933), (8, 0.046711475), (11, 0.10362126), (14, 0.055868316), (21, 0.10884663), (23, 0.015197118), (30, 0.036110807), (31, 0.15874279), (35, 0.021360073), (36, 0.099932164), (39, 0.01269162), (48, 0.03655857), (49, 0.10840321)]
[(0, 0.1620093), (3, 0.14438973), (7, 0.16480199), (14, 0.017636437), (21, 0.02903239), (22, 0.01028514), (27, 0.015509108), (30, 0.1543854), (37, 0.0853652), (47, 0.07200719), (48, 0.019331215), (49, 0.107978314)]
[(0, 0.081486896), (1, 0.012368571), (4, 0.05791567), (14, 0.071844496), (22, 0.15057558), (30, 0.24650714), (39, 0.034393974), (43, 0.13939144), (47, 0.027653756), (48, 0.010410242), (49, 0.12799215)]
[(4, 0.050055582), (5, 0.069270864), (14, 0.43403402), (22, 0.07463528), (25, 0.03660206), (31, 0.0107625015), (35, 0.013500895), (48, 0.25414854), (49, 0.020856576)]
[(0, 0.1515804), (1, 0.04364162), (5, 0.02030767), (11, 0.0106781935), (14, 0.32884115), (21, 0.082742244), (22, 0.015996356), (23, 0.17594406), (31, 0.011700648), (39, 0.04898935), (47, 0.022978483), (48, 0.017864246), (49, 0.052709065)]
[(0, 0.02784601), (2, 0.042055156), (3, 0.021741597), (4, 0.028602568), (7, 0.12253399), (9, 0.01338418), (13, 0.015797814), (21, 0.15420918), (22, 0.07901813), (30, 0.08210834), (34, 0.018092005), (37, 0.0842422), (47, 0.060124677), (48, 0.06413803), (49, 0.14684564)]
[(0, 0.049756642), (4, 0.11091194), (7, 0.022697574), (8, 0.027042106), (9, 0.06515715), (14, 0.011023057), (21, 0.024355235), (22, 0.18875554), (25, 0.02753114), (30, 0.0131399045), (35, 0.050768442), (43, 0.047336154), (47, 0.03514835), (48, 0.13494971), (49, 0.17927814)]
[(0, 0.11365347), (4, 0.033547774), (7, 0.013014792), (8, 0.014768376), (9, 0.012257283), (11, 0.025356669), (21, 0.0105087375), (22, 0.037753865), (30, 0.021020422), (35, 0.26990318), (45, 0.27665406), (48, 0.032278668), (49, 0.1078719)]
[(0, 0.07407822), (3, 0.010799988), (4, 0.03803332), (7, 0.09110829), (8, 0.09796611), (9, 0.023846753), (21, 0.0106358025), (25, 0.012721097), (27, 0.057520248), (34, 0.06771464), (39, 0.0113967685), (43, 0.072937205), (47, 0.05103288), (48, 0.015218681), (49, 0.33375922)]
[(0, 0.04262344), (5, 0.2027238), (7, 0.413211), (8, 0.15696819), (14, 0.017518988), (21, 0.012865346), (48, 0.019387636), (49, 0.09310493)]
[(0, 0.08320713), (7, 0.014019515), (8, 0.036754597), (11, 0.07831704), (21, 0.10589699), (23, 0.48616347), (30, 0.014080011), (36, 0.015287617), (39, 0.01007021), (47, 0.024560403), (48, 0.026868904), (49, 0.06347221)]
[(0, 0.018468168), (4, 0.036566302), (7, 0.09112964), (8, 0.15570116), (14, 0.18299286), (21, 0.061104123), (25, 0.10169031), (48, 0.13516429), (49, 0.15959801)]
[(0, 0.013266563), (4, 0.62528974), (8, 0.040280372), (21, 0.025630007), (22, 0.067797), (25, 0.040637568), (30, 0.030030746), (39, 0.016023088), (47, 0.035936996), (49, 0.07175599)]
[(0, 0.088434085), (2, 0.011043069), (8, 0.0380665), (11, 0.19757117), (14, 0.05216566), (21, 0.028976722), (23, 0.3572646), (36, 0.020822044), (47, 0.024413906), (48, 0.0461653), (49, 0.083428286)]
[(0, 0.14093985), (2, 0.06557363), (4, 0.012123233), (5, 0.019223362), (7, 0.029546842), (11, 0.02034875), (13, 0.08664876), (21, 0.14333273), (23, 0.08698449), (30, 0.086486146), (31, 0.07033887), (36, 0.13714874), (48, 0.01736151), (49, 0.05473663)]
[(0, 0.08687771), (4, 0.01897114), (7, 0.063554965), (14, 0.063966714), (21, 0.039155573), (22, 0.04703503), (30, 0.11222979), (35, 0.0220662), (37, 0.09750761), (39, 0.07004674), (47, 0.16339362), (48, 0.046123482), (49, 0.1608426)]
[(0, 0.06580752), (4, 0.034307655), (5, 0.032282006), (9, 0.20648754), (14, 0.032521583), (20, 0.094746314), (21, 0.011685776), (22, 0.056807403), (30, 0.011483451), (35, 0.014509355), (39, 0.11852353), (47, 0.0543397), (48, 0.10554428), (49, 0.12812288)]
[(0, 0.041688666), (4, 0.0136808045), (5, 0.011232563), (7, 0.5160977), (14, 0.016425949), (21, 0.12105692), (30, 0.105254084), (39, 0.012228311), (47, 0.017853113), (48, 0.02862649), (49, 0.09785157)]
[(0, 0.056501746), (4, 0.10903804), (5, 0.02854244), (14, 0.016620187), (21, 0.047361244), (22, 0.030287908), (25, 0.41725925), (30, 0.037158918), (35, 0.020465055), (45, 0.012517435), (47, 0.05242751), (48, 0.10097706), (49, 0.04679829)]
[(0, 0.11106298), (1, 0.14260341), (2, 0.048416365), (7, 0.012558677), (13, 0.028829195), (14, 0.34508383), (21, 0.020418359), (23, 0.14608404), (30, 0.046426788), (39, 0.024146397), (48, 0.019124167), (49, 0.028930368)]
[(0, 0.06246423), (7, 0.18123212), (8, 0.27376375), (21, 0.105585985), (22, 0.04627842), (30, 0.019581556), (36, 0.041467372), (39, 0.022799835), (47, 0.021550369), (48, 0.10876892), (49, 0.082302116)]
[(0, 0.122192), (7, 0.011719498), (11, 0.051729035), (13, 0.011392032), (21, 0.11969734), (23, 0.40751678), (30, 0.075236745), (31, 0.04155293), (36, 0.017677626), (39, 0.010737147), (47, 0.011091113), (48, 0.026208147), (49, 0.06581608)]
[(0, 0.098817565), (2, 0.020295676), (5, 0.023533203), (11, 0.022904614), (13, 0.09590493), (21, 0.101497695), (23, 0.50400513), (30, 0.042141363), (36, 0.019031959), (49, 0.03111595)]
[(0, 0.03415431), (4, 0.013264529), (7, 0.03860564), (8, 0.033602312), (14, 0.029475305), (21, 0.04010612), (22, 0.08687999), (34, 0.028837807), (35, 0.012036073), (43, 0.3133984), (47, 0.043884225), (48, 0.12534414), (49, 0.18280411)]
[(0, 0.044189293), (4, 0.08809301), (6, 0.020889305), (8, 0.035108387), (9, 0.16371186), (18, 0.071354866), (21, 0.014447958), (22, 0.11643536), (47, 0.018493773), (48, 0.23962618), (49, 0.1500575)]
[(0, 0.021780293), (4, 0.022037724), (5, 0.011456577), (7, 0.018484067), (8, 0.062308453), (9, 0.014464685), (14, 0.015355716), (21, 0.017663231), (22, 0.2507541), (34, 0.10234267), (35, 0.014799573), (43, 0.19886103), (47, 0.012127006), (48, 0.10795475), (49, 0.11449616)]
[(0, 0.089856), (4, 0.015906606), (7, 0.23530853), (8, 0.054236345), (14, 0.10926602), (21, 0.02979751), (22, 0.015497904), (30, 0.2001728), (39, 0.014568266), (47, 0.039575852), (49, 0.16328406)]
[(0, 0.055860102), (7, 0.10620951), (8, 0.19739307), (9, 0.019689094), (14, 0.067046516), (21, 0.08478676), (22, 0.13256389), (30, 0.02809355), (35, 0.025388783), (39, 0.024916865), (48, 0.17151678), (49, 0.053458214)]
[(0, 0.12052571), (5, 0.032265708), (6, 0.077232905), (7, 0.28776735), (8, 0.15311933), (14, 0.04039197), (27, 0.027819458), (39, 0.024764437), (47, 0.052805245), (48, 0.060074616), (49, 0.10133543)]
[(0, 0.013774787), (4, 0.02241631), (5, 0.015246718), (7, 0.013877637), (9, 0.07094501), (18, 0.043801192), (21, 0.039739322), (22, 0.2373834), (25, 0.013657923), (34, 0.055656474), (35, 0.016379174), (39, 0.23002997), (45, 0.102336675), (48, 0.06756037), (49, 0.032803215)]
[(0, 0.099192835), (2, 0.013642263), (11, 0.16815852), (13, 0.09582415), (14, 0.012389786), (21, 0.06908488), (23, 0.33348164), (30, 0.07614242), (47, 0.014604554), (49, 0.070700996)]
[(0, 0.027218262), (21, 0.0351075), (22, 0.16496438), (30, 0.01944362), (35, 0.10522711), (39, 0.24634437), (45, 0.3273099), (47, 0.012945809), (49, 0.031156797)]
[(0, 0.084489964), (5, 0.032986093), (7, 0.4854947), (8, 0.09670838), (14, 0.017467197), (21, 0.15301815), (39, 0.011314456), (48, 0.015622162), (49, 0.0879614)]
[(0, 0.022826256), (4, 0.11256423), (5, 0.029253569), (6, 0.07444268), (7, 0.038311753), (8, 0.020472957), (9, 0.027381817), (21, 0.012483067), (22, 0.043407097), (27, 0.018258432), (47, 0.010579388), (48, 0.48970434), (49, 0.0704296)]
[(0, 0.089913584), (4, 0.01928663), (5, 0.05211211), (6, 0.05338919), (7, 0.1826559), (8, 0.082124025), (14, 0.050654653), (21, 0.03201117), (22, 0.020142322), (25, 0.026796246), (27, 0.08056631), (47, 0.03536281), (48, 0.11076895), (49, 0.14575036)]
[(0, 0.14701198), (4, 0.061917067), (7, 0.035630114), (8, 0.07287623), (9, 0.24446951), (14, 0.01265373), (21, 0.0708768), (30, 0.022750894), (35, 0.021571334), (39, 0.0138091715), (45, 0.092776015), (47, 0.014400106), (48, 0.025710318), (49, 0.1358915)]
[(0, 0.098933965), (7, 0.011994673), (11, 0.07966576), (13, 0.062531464), (14, 0.016389843), (21, 0.11098347), (23, 0.48760822), (30, 0.039030235), (47, 0.010845497), (48, 0.02584344), (49, 0.030195111)]
[(0, 0.038760394), (5, 0.179735), (7, 0.08091367), (8, 0.04048609), (14, 0.04562577), (21, 0.013451194), (27, 0.039202265), (37, 0.17612629), (48, 0.16601625), (49, 0.16615273)]
[(4, 0.049445998), (5, 0.14550112), (8, 0.025271114), (9, 0.3382785), (13, 0.016596897), (14, 0.034534506), (22, 0.024579166), (34, 0.03313797), (39, 0.02188061), (43, 0.016221216), (47, 0.10103723), (48, 0.11864549), (49, 0.04561521)]
[(0, 0.033125326), (4, 0.05496232), (7, 0.029794306), (9, 0.011702963), (21, 0.1219976), (22, 0.10908659), (25, 0.076358825), (30, 0.06967864), (35, 0.051083), (39, 0.0827874), (47, 0.24331576), (48, 0.043591455), (49, 0.05171632)]
[(0, 0.08579014), (2, 0.010319015), (8, 0.036886435), (11, 0.20924139), (14, 0.045951642), (21, 0.029523145), (23, 0.35986844), (36, 0.018651012), (47, 0.023565477), (48, 0.046469197), (49, 0.082537115)]
[(0, 0.12003499), (1, 0.12623529), (4, 0.01566976), (6, 0.015263156), (9, 0.016940063), (14, 0.3864194), (30, 0.049960174), (39, 0.021528115), (47, 0.038241655), (48, 0.11119149), (49, 0.082178116)]
[(0, 0.054180536), (5, 0.030235624), (11, 0.270615), (13, 0.0374322), (21, 0.12932733), (23, 0.33749852), (30, 0.031490084), (48, 0.031441927), (49, 0.029387161)]
[(0, 0.044543162), (4, 0.14280967), (7, 0.05331343), (9, 0.220386), (21, 0.06160023), (22, 0.06623886), (30, 0.051692482), (34, 0.018205), (35, 0.023852274), (47, 0.027941981), (48, 0.11016066), (49, 0.1480734)]
[(0, 0.09014952), (4, 0.028996442), (5, 0.07471282), (7, 0.02777138), (9, 0.17133428), (14, 0.05603763), (22, 0.016828751), (30, 0.010505321), (34, 0.03487108), (35, 0.107512355), (39, 0.011268352), (45, 0.16722864), (48, 0.13373429), (49, 0.05752301)]
[(0, 0.020059768), (14, 0.07557742), (21, 0.03157513), (22, 0.16894744), (39, 0.50516045), (45, 0.043282166), (47, 0.029231705), (48, 0.061169382), (49, 0.034906294)]
[(0, 0.11631647), (2, 0.041117176), (9, 0.012501066), (11, 0.047438607), (14, 0.37550884), (21, 0.022747666), (23, 0.07425798), (36, 0.057306867), (39, 0.017999278), (47, 0.031452484), (48, 0.111655094), (49, 0.06413735)]
[(0, 0.0705553), (2, 0.0111507615), (4, 0.013264168), (5, 0.020408986), (11, 0.14896783), (13, 0.06270015), (21, 0.09646978), (23, 0.44638366), (30, 0.014754033), (39, 0.023786265), (49, 0.045114897)]
[(0, 0.06732281), (4, 0.027434662), (5, 0.045246605), (7, 0.01717709), (8, 0.07123165), (9, 0.09399551), (14, 0.048730813), (22, 0.1453208), (35, 0.020607196), (45, 0.17965713), (47, 0.034922488), (48, 0.10104801), (49, 0.13333508)]
[(0, 0.051179558), (2, 0.016608642), (3, 0.1132502), (6, 0.0495381), (7, 0.13824347), (8, 0.06956118), (12, 0.010936125), (21, 0.08645528), (27, 0.059774958), (34, 0.023897717), (47, 0.07354316), (48, 0.0463201), (49, 0.22723271)]
[(0, 0.101631135), (4, 0.0117615685), (7, 0.124514386), (8, 0.061068445), (11, 0.09900771), (14, 0.030863523), (21, 0.17662106), (23, 0.011057585), (30, 0.077769846), (31, 0.07442983), (35, 0.02495661), (47, 0.017184012), (48, 0.015188864), (49, 0.12971094)]
[(0, 0.020235265), (4, 0.035888463), (7, 0.018839505), (9, 0.17892164), (21, 0.05997403), (22, 0.0521783), (25, 0.30240634), (30, 0.018033851), (34, 0.019437902), (35, 0.09862971), (47, 0.050499264), (48, 0.077708885), (49, 0.041994024)]
[(0, 0.03963815), (4, 0.1830829), (7, 0.024184126), (14, 0.014419711), (21, 0.020568555), (22, 0.15524384), (25, 0.015158595), (30, 0.017047584), (35, 0.10120325), (43, 0.011877953), (47, 0.011851671), (48, 0.2609249), (49, 0.104917385)]
[(0, 0.054261953), (3, 0.18904713), (4, 0.014933693), (7, 0.14343613), (14, 0.022985877), (21, 0.110450156), (22, 0.036351994), (30, 0.045958407), (37, 0.09047677), (47, 0.043256477), (48, 0.030711733), (49, 0.17683959)]
[(0, 0.03311425), (2, 0.1605435), (3, 0.100014515), (5, 0.032207258), (7, 0.16148317), (8, 0.04316054), (12, 0.10383073), (14, 0.02537036), (21, 0.0193321), (23, 0.010916713), (39, 0.011726366), (48, 0.0679819), (49, 0.18512951)]
[(0, 0.11134863), (2, 0.030376589), (11, 0.1370194), (13, 0.05875529), (14, 0.020277957), (21, 0.054766364), (23, 0.37671462), (30, 0.06836774), (48, 0.0192166), (49, 0.06373773)]
[(0, 0.06085471), (4, 0.023049036), (7, 0.38140824), (21, 0.112799674), (22, 0.053280037), (30, 0.15926294), (35, 0.010568057), (47, 0.024547897), (48, 0.038710557), (49, 0.094570726)]
[(0, 0.059576493), (7, 0.011816145), (11, 0.23062292), (13, 0.047247376), (21, 0.07184242), (23, 0.3814673), (30, 0.08052793), (36, 0.013079621), (39, 0.012521136), (48, 0.027168786), (49, 0.037295125)]
[(0, 0.13028412), (4, 0.026043514), (7, 0.03425661), (8, 0.018893814), (14, 0.13939463), (21, 0.020107752), (22, 0.08963735), (30, 0.05490314), (34, 0.015694613), (39, 0.09328186), (43, 0.12710187), (47, 0.13539538), (48, 0.032163072), (49, 0.0629078)]
[(0, 0.02480011), (3, 0.08750533), (6, 0.13826114), (7, 0.090616144), (8, 0.07436934), (13, 0.015817156), (14, 0.019649046), (21, 0.116566114), (22, 0.057346042), (27, 0.016064022), (34, 0.09430894), (36, 0.035558462), (47, 0.010398924), (48, 0.07668196), (49, 0.11873553)]
[(0, 0.06014696), (1, 0.012314918), (4, 0.04987332), (5, 0.026981916), (7, 0.049008086), (13, 0.011693425), (14, 0.044570968), (21, 0.054874226), (22, 0.016944157), (25, 0.30716938), (30, 0.03669952), (35, 0.032656144), (39, 0.019081214), (47, 0.06752946), (48, 0.11671882), (49, 0.087582976)]
[(0, 0.04174618), (7, 0.27218866), (8, 0.049977794), (14, 0.010738045), (21, 0.13417017), (22, 0.08216189), (23, 0.18776543), (30, 0.034758527), (48, 0.074721396), (49, 0.07529713)]
[(0, 0.037437275), (4, 0.093272135), (14, 0.05302001), (21, 0.054742284), (22, 0.063789815), (25, 0.294214), (30, 0.020373587), (35, 0.036848266), (39, 0.019953277), (47, 0.05753649), (48, 0.118837625), (49, 0.122926734)]
[(0, 0.029366601), (4, 0.025667887), (7, 0.024462359), (9, 0.18480013), (21, 0.05138689), (22, 0.052371297), (25, 0.2436847), (30, 0.02613793), (34, 0.027905213), (35, 0.103866406), (39, 0.013220265), (47, 0.06031483), (48, 0.07982294), (49, 0.057152733)]
[(0, 0.058609102), (4, 0.027019069), (5, 0.034539152), (7, 0.011064719), (14, 0.010166802), (21, 0.037224054), (22, 0.112075694), (30, 0.034458335), (35, 0.22470653), (45, 0.30883184), (47, 0.011101459), (48, 0.021654375), (49, 0.08103317)]
[(0, 0.07147346), (2, 0.012511352), (5, 0.01138461), (11, 0.14887042), (13, 0.06877178), (14, 0.012444241), (21, 0.07939148), (23, 0.38695723), (30, 0.044747684), (31, 0.056270223), (36, 0.010723722), (49, 0.06944563)]
[(0, 0.13067433), (2, 0.017813485), (5, 0.019742113), (7, 0.04362036), (8, 0.13751405), (11, 0.014345192), (21, 0.028093956), (23, 0.01634338), (35, 0.02413155), (36, 0.38619673), (47, 0.02536935), (48, 0.015633365), (49, 0.121433616)]
[(0, 0.04057862), (4, 0.01737689), (5, 0.04698233), (7, 0.06805584), (8, 0.016477859), (12, 0.058536332), (13, 0.011848967), (14, 0.010063375), (21, 0.06834968), (22, 0.059648767), (25, 0.032010734), (30, 0.04001869), (34, 0.19452092), (35, 0.015643202), (39, 0.016491234), (43, 0.0112494165), (47, 0.07769536), (48, 0.08726401), (49, 0.118544914)]
[(0, 0.087800816), (3, 0.010766723), (5, 0.037317898), (7, 0.25224987), (8, 0.12134215), (14, 0.018238112), (21, 0.03304394), (37, 0.12549768), (48, 0.028753284), (49, 0.23835573)]
[(0, 0.034501377), (4, 0.03646945), (7, 0.013788884), (8, 0.040182088), (9, 0.020953525), (21, 0.01841452), (22, 0.1297479), (25, 0.024336837), (30, 0.012373909), (35, 0.09270768), (39, 0.32937467), (45, 0.13529725), (47, 0.039451018), (48, 0.04224104), (49, 0.023440147)]
[(0, 0.06661177), (5, 0.02348592), (6, 0.058154125), (7, 0.20116647), (8, 0.26677608), (14, 0.017944891), (21, 0.053955786), (27, 0.1314853), (30, 0.023318466), (39, 0.011396221), (48, 0.034391176), (49, 0.07588523)]
[(0, 0.06774984), (7, 0.49578354), (8, 0.06589282), (21, 0.06258976), (30, 0.14235249), (39, 0.011100603), (47, 0.022758534), (48, 0.021137305), (49, 0.083107054)]
[(0, 0.019379018), (4, 0.10682378), (7, 0.032483775), (8, 0.057329677), (9, 0.08953054), (14, 0.030858643), (21, 0.058083262), (22, 0.096354805), (25, 0.015351731), (35, 0.011047769), (43, 0.12319199), (47, 0.04558381), (48, 0.11672785), (49, 0.17563379)]
[(0, 0.11464214), (5, 0.017649105), (11, 0.15365838), (13, 0.08917169), (21, 0.040446274), (23, 0.39833075), (30, 0.06715088), (49, 0.06049168)]
[(0, 0.100542545), (2, 0.020279182), (5, 0.023661427), (11, 0.02417425), (13, 0.0964925), (21, 0.10218428), (23, 0.49846086), (30, 0.042917855), (36, 0.019083189), (49, 0.030467292)]
[(0, 0.11737728), (2, 0.018130735), (11, 0.02605483), (13, 0.056972966), (14, 0.018688804), (21, 0.16276833), (23, 0.48771226), (30, 0.031881448), (47, 0.012080425), (48, 0.016624419), (49, 0.02938915)]
[(0, 0.06559743), (3, 0.013466585), (4, 0.03382176), (7, 0.092810564), (8, 0.11686625), (9, 0.02414504), (21, 0.015222393), (25, 0.013081882), (27, 0.063323475), (34, 0.07822778), (43, 0.078828625), (47, 0.03325089), (48, 0.011597777), (49, 0.3359906)]
[(0, 0.08486392), (4, 0.029961841), (5, 0.02896774), (7, 0.07806224), (8, 0.2724217), (9, 0.03412985), (14, 0.0127496105), (21, 0.02473772), (22, 0.17896983), (35, 0.010432168), (47, 0.024595855), (48, 0.082471535), (49, 0.11842703)]
[(0, 0.022002425), (9, 0.03503643), (18, 0.18275908), (21, 0.0129540535), (22, 0.14957714), (30, 0.018393634), (35, 0.014069172), (39, 0.46915203), (45, 0.040767863), (48, 0.014939853), (49, 0.016173348)]
[(0, 0.08415982), (2, 0.042060595), (4, 0.012573344), (7, 0.08127873), (8, 0.14129855), (13, 0.08085261), (21, 0.11750604), (22, 0.019358182), (23, 0.03148312), (36, 0.18293199), (47, 0.039124098), (48, 0.028374512), (49, 0.10132015)]
[(0, 0.028896775), (4, 0.029604765), (5, 0.12063303), (8, 0.027026976), (14, 0.014874294), (25, 0.4401939), (34, 0.01609297), (39, 0.03190726), (47, 0.056089334), (48, 0.14421466), (49, 0.05500272)]
[(0, 0.047563225), (5, 0.08600555), (7, 0.3545983), (8, 0.12409286), (14, 0.021710841), (21, 0.043906316), (34, 0.022755442), (37, 0.011457865), (47, 0.035129417), (48, 0.098808885), (49, 0.113232374)]
[(0, 0.09478194), (2, 0.022266446), (5, 0.016740507), (7, 0.077483304), (8, 0.12276417), (13, 0.012719633), (21, 0.06612892), (23, 0.2755706), (31, 0.014662023), (36, 0.18369219), (39, 0.016332025), (48, 0.012177982), (49, 0.054985393)]
[(0, 0.011597147), (4, 0.06185595), (7, 0.034821846), (8, 0.06895896), (9, 0.029327767), (13, 0.019146657), (21, 0.055135895), (22, 0.26606256), (30, 0.07242418), (35, 0.082455866), (43, 0.017470432), (47, 0.016060486), (48, 0.016474266), (49, 0.21839423)]
[(0, 0.036023024), (7, 0.012459987), (8, 0.025940858), (14, 0.40315154), (21, 0.015594886), (22, 0.07329734), (47, 0.16491377), (48, 0.062396836), (49, 0.14148492)]
[(0, 0.0753124), (1, 0.010444518), (3, 0.055034272), (4, 0.028880032), (5, 0.02959771), (14, 0.047138665), (22, 0.28932488), (27, 0.06866609), (35, 0.010710958), (39, 0.02511243), (47, 0.027108345), (48, 0.20396332), (49, 0.09712919)]
[(0, 0.09869828), (4, 0.03605744), (7, 0.22605376), (8, 0.079409495), (9, 0.085978076), (14, 0.017801315), (20, 0.02310367), (21, 0.06613604), (22, 0.09848527), (30, 0.021757413), (31, 0.014495925), (35, 0.011295603), (45, 0.020018665), (47, 0.030077418), (48, 0.03324366), (49, 0.12738645)]
[(0, 0.06665513), (3, 0.1791883), (7, 0.14263208), (8, 0.038632795), (21, 0.051570255), (27, 0.16850536), (30, 0.09523712), (34, 0.029634438), (36, 0.015465361), (43, 0.011273303), (47, 0.014361577), (48, 0.015910678), (49, 0.13470805)]
[(0, 0.13225278), (2, 0.03204192), (11, 0.037598666), (13, 0.054116752), (21, 0.04544675), (23, 0.46413913), (30, 0.08693267), (47, 0.012156735), (48, 0.02224185), (49, 0.07044627)]
[(0, 0.130439), (4, 0.07417499), (7, 0.02649286), (8, 0.021029191), (9, 0.11768751), (14, 0.01605405), (21, 0.019713724), (22, 0.14177978), (25, 0.05984223), (35, 0.032495312), (39, 0.02177381), (45, 0.17903131), (47, 0.037484884), (48, 0.024339482), (49, 0.0880715)]
[(0, 0.1746535), (2, 0.041570038), (5, 0.023524206), (7, 0.029116882), (8, 0.14658573), (14, 0.014227461), (21, 0.06409308), (23, 0.047403336), (31, 0.091555), (36, 0.16253518), (48, 0.058385067), (49, 0.0945597)]
[(0, 0.05829256), (5, 0.046160955), (7, 0.43289357), (8, 0.111005366), (14, 0.054629434), (21, 0.017924871), (27, 0.017705087), (39, 0.015540969), (45, 0.0152098145), (47, 0.015609963), (48, 0.019318057), (49, 0.16282445)]
[(0, 0.1121051), (2, 0.012324465), (4, 0.016132712), (7, 0.020273583), (11, 0.16033073), (13, 0.030846408), (14, 0.041526735), (21, 0.12329733), (22, 0.013837511), (23, 0.038641803), (30, 0.014704678), (31, 0.069244735), (35, 0.016868271), (36, 0.066105954), (48, 0.14803092), (49, 0.08097324)]
[(0, 0.05822808), (3, 0.015362956), (7, 0.5564282), (8, 0.028293973), (21, 0.06756647), (22, 0.020793097), (30, 0.1063704), (47, 0.019283742), (49, 0.08122406)]
[(0, 0.035369296), (3, 0.017295927), (4, 0.055117447), (5, 0.016179051), (7, 0.035489645), (8, 0.010101765), (9, 0.07842794), (21, 0.033442203), (22, 0.13823162), (30, 0.047562845), (34, 0.08911418), (39, 0.017580878), (43, 0.11672069), (47, 0.12720643), (48, 0.050699234), (49, 0.10283058)]
[(0, 0.06458306), (3, 0.034614313), (4, 0.15110691), (7, 0.08929731), (8, 0.03563257), (13, 0.030349838), (14, 0.030784203), (21, 0.073379956), (25, 0.04097697), (34, 0.019719502), (37, 0.09338275), (47, 0.06282734), (48, 0.021298625), (49, 0.2325449)]
[(0, 0.122292094), (2, 0.033696752), (4, 0.03739194), (5, 0.012950786), (7, 0.031186627), (8, 0.09469885), (9, 0.015944043), (14, 0.012041851), (21, 0.033875093), (22, 0.079561874), (23, 0.02513427), (30, 0.010819916), (31, 0.021969372), (34, 0.083930254), (36, 0.027001625), (43, 0.08056871), (47, 0.07241394), (48, 0.025727153), (49, 0.1535281)]
[(0, 0.061541002), (4, 0.0249807), (5, 0.01766938), (6, 0.056043174), (7, 0.019003415), (21, 0.024930164), (22, 0.32081848), (27, 0.047438785), (35, 0.018652122), (39, 0.027485264), (47, 0.02197596), (48, 0.24289131), (49, 0.07767679)]
[(0, 0.05388714), (4, 0.05802801), (5, 0.01745128), (7, 0.05820355), (8, 0.15661764), (9, 0.08272049), (21, 0.0154751325), (22, 0.12412912), (30, 0.027165605), (35, 0.06930094), (37, 0.058601573), (47, 0.030602546), (48, 0.032661136), (49, 0.18555813)]
[(0, 0.015397166), (4, 0.05251204), (8, 0.07598967), (9, 0.1781985), (21, 0.056159496), (22, 0.21789044), (30, 0.058933347), (35, 0.11255462), (47, 0.02632943), (48, 0.11652773), (49, 0.07770261)]
[(0, 0.06329598), (4, 0.017314136), (7, 0.15129863), (8, 0.39141107), (9, 0.015297563), (21, 0.099164), (22, 0.015707642), (34, 0.0181068), (36, 0.014856613), (39, 0.012277799), (47, 0.039375372), (48, 0.018861307), (49, 0.10487461)]
[(0, 0.12195958), (3, 0.054470055), (4, 0.034050725), (14, 0.35930037), (20, 0.24241394), (21, 0.011430788), (48, 0.013974237), (49, 0.09413444)]
[(0, 0.12779404), (4, 0.03783686), (7, 0.089267924), (8, 0.1288037), (9, 0.049319766), (13, 0.016446708), (14, 0.024192827), (21, 0.057615474), (22, 0.047635436), (25, 0.010918305), (45, 0.20202579), (47, 0.023473715), (48, 0.05130903), (49, 0.10116984)]
[(0, 0.024456572), (21, 0.035756472), (22, 0.16393238), (30, 0.019349858), (35, 0.10525452), (39, 0.24753499), (45, 0.32877877), (47, 0.012977817), (49, 0.032029707)]
[(0, 0.12427417), (2, 0.03326694), (5, 0.015773183), (7, 0.016078837), (11, 0.15367548), (13, 0.08564312), (21, 0.08242401), (23, 0.35528332), (30, 0.048641957), (47, 0.010732879), (49, 0.03720306)]
[(0, 0.046770208), (3, 0.022111949), (4, 0.018890085), (7, 0.4008664), (8, 0.03110822), (12, 0.016729703), (14, 0.011818635), (21, 0.11258747), (30, 0.07335277), (35, 0.033389986), (37, 0.11226974), (39, 0.011801737), (47, 0.01093749), (48, 0.011993619), (49, 0.075358264)]
[(0, 0.013742377), (1, 0.018251931), (4, 0.010412014), (7, 0.03393823), (8, 0.014362841), (12, 0.21005304), (22, 0.06675569), (25, 0.16411251), (35, 0.027245013), (39, 0.017993927), (47, 0.12763312), (48, 0.16704401), (49, 0.093822695)]
[(0, 0.12754238), (2, 0.032663714), (13, 0.07782243), (21, 0.041411042), (23, 0.4916266), (30, 0.09082399), (36, 0.025234943), (48, 0.013153489), (49, 0.063744)]
[(0, 0.091011696), (4, 0.051266193), (5, 0.018332995), (8, 0.025747836), (9, 0.16030686), (22, 0.18702726), (35, 0.100034624), (45, 0.11850507), (47, 0.05084522), (48, 0.066247046), (49, 0.1066856)]
[(0, 0.029074633), (9, 0.1351337), (21, 0.02116328), (22, 0.23454116), (30, 0.021163737), (35, 0.13856252), (39, 0.2607109), (45, 0.09760298), (48, 0.018430578), (49, 0.016233213)]
[(0, 0.02706612), (4, 0.073733), (7, 0.021009788), (8, 0.099574625), (21, 0.01946005), (22, 0.060548384), (25, 0.032512967), (27, 0.019857625), (34, 0.030302439), (35, 0.042299956), (43, 0.22068062), (47, 0.06556844), (48, 0.074867286), (49, 0.1794059)]
[(0, 0.0343828), (2, 0.022274137), (3, 0.016462354), (7, 0.5328519), (8, 0.011356187), (15, 0.041500606), (21, 0.095034145), (23, 0.03209843), (30, 0.09016627), (39, 0.011421146), (47, 0.012991326), (48, 0.013386075), (49, 0.0571629)]
[(0, 0.07622714), (3, 0.040027596), (4, 0.013499582), (7, 0.43010417), (21, 0.11050989), (30, 0.12695225), (39, 0.010845405), (47, 0.015959807), (48, 0.017062912), (49, 0.121801354)]
[(0, 0.06562309), (2, 0.01156029), (5, 0.011956369), (11, 0.14657612), (13, 0.07119406), (14, 0.014333415), (21, 0.08275545), (23, 0.38097572), (30, 0.047693815), (31, 0.05738108), (36, 0.010995739), (49, 0.069942266)]
[(0, 0.092374444), (11, 0.1877158), (13, 0.028137267), (14, 0.015426016), (21, 0.12621468), (23, 0.41881204), (35, 0.015786143), (48, 0.020129973), (49, 0.048028365)]
[(0, 0.09842116), (2, 0.017312223), (7, 0.016869139), (11, 0.17342335), (13, 0.16420017), (14, 0.010030756), (21, 0.052199364), (23, 0.30271974), (30, 0.04700983), (47, 0.012544099), (48, 0.02552815), (49, 0.05165005)]
[(0, 0.14539896), (1, 0.01371241), (2, 0.042661082), (7, 0.015497098), (8, 0.12160305), (11, 0.011749514), (13, 0.02042933), (14, 0.0371581), (21, 0.09860112), (23, 0.056997716), (30, 0.014435631), (35, 0.01644753), (36, 0.15413974), (39, 0.0144453645), (45, 0.05896628), (48, 0.06663034), (49, 0.09026845)]
[(0, 0.11598104), (4, 0.010248212), (13, 0.019363951), (14, 0.08830924), (21, 0.035047065), (23, 0.48345393), (30, 0.09538185), (31, 0.01712491), (36, 0.031096933), (48, 0.015435018), (49, 0.045087427)]
[(0, 0.07578622), (4, 0.04717744), (8, 0.010083191), (9, 0.012565242), (14, 0.5181454), (21, 0.015464196), (22, 0.019130306), (35, 0.012655289), (45, 0.055350732), (47, 0.07279218), (48, 0.05121469), (49, 0.07808895)]
[(0, 0.10508692), (2, 0.017853323), (5, 0.019815937), (13, 0.090119734), (21, 0.049112998), (23, 0.52829206), (30, 0.06719162), (36, 0.028982917), (48, 0.019868406), (49, 0.044375457)]
[(0, 0.06294152), (4, 0.11787261), (5, 0.033940706), (7, 0.011004073), (8, 0.025263378), (21, 0.01683991), (22, 0.03832695), (32, 0.2517313), (35, 0.016214926), (39, 0.028474934), (43, 0.061944354), (45, 0.016615467), (47, 0.049769208), (48, 0.0530309), (49, 0.20267001)]
[(0, 0.10653996), (3, 0.022016266), (4, 0.11188818), (7, 0.023749245), (21, 0.025909103), (22, 0.030647768), (30, 0.08517192), (32, 0.16781798), (35, 0.01656445), (43, 0.12731852), (47, 0.026866563), (48, 0.039343502), (49, 0.17026278)]
[(0, 0.06136327), (4, 0.06703564), (8, 0.024251638), (9, 0.15791512), (14, 0.04124083), (18, 0.018106977), (21, 0.028263431), (22, 0.22031623), (30, 0.043928705), (35, 0.06547089), (39, 0.026004247), (47, 0.026477665), (48, 0.08142909), (49, 0.11743518)]
[(0, 0.08127683), (3, 0.049360532), (6, 0.037398465), (7, 0.3664361), (8, 0.042094424), (9, 0.020921934), (13, 0.01745361), (21, 0.059557248), (27, 0.033365045), (30, 0.054121718), (35, 0.011959518), (47, 0.019650145), (48, 0.028817108), (49, 0.13841996)]
[(0, 0.07378191), (4, 0.053549837), (5, 0.029150488), (7, 0.051376257), (8, 0.10376908), (9, 0.06850897), (21, 0.05452001), (22, 0.22353509), (30, 0.076567724), (35, 0.060961183), (45, 0.02475149), (48, 0.03503355), (49, 0.11687295)]
[(0, 0.08277097), (4, 0.029188056), (7, 0.04987373), (8, 0.13160016), (14, 0.017165622), (21, 0.014908342), (22, 0.01124778), (27, 0.010564912), (30, 0.033248138), (34, 0.09205005), (35, 0.01726064), (39, 0.014439811), (43, 0.15773241), (47, 0.060599744), (48, 0.04440303), (49, 0.2154023)]
[(0, 0.06917127), (7, 0.3622514), (8, 0.30354568), (14, 0.020563701), (21, 0.050300397), (22, 0.020507112), (36, 0.012590585), (47, 0.014445224), (48, 0.019999053), (49, 0.093381435)]
[(0, 0.09369823), (2, 0.012637303), (4, 0.016088802), (7, 0.013030679), (11, 0.09481195), (13, 0.04889614), (14, 0.024806), (21, 0.035351172), (23, 0.3978447), (30, 0.045200974), (31, 0.0124949105), (36, 0.018930066), (39, 0.05539729), (47, 0.013074567), (48, 0.024147421), (49, 0.06749239)]
[(0, 0.09381821), (2, 0.01932099), (5, 0.017865045), (7, 0.016213505), (8, 0.017546097), (13, 0.014678937), (14, 0.118380785), (21, 0.05454595), (23, 0.059662037), (30, 0.21932265), (36, 0.08905743), (39, 0.01474801), (47, 0.057758477), (48, 0.03033433), (49, 0.15435806)]
[(0, 0.052998137), (4, 0.11445984), (7, 0.040265918), (9, 0.06991595), (21, 0.031977646), (22, 0.09166394), (25, 0.022359425), (30, 0.030805213), (35, 0.0780939), (45, 0.21911113), (48, 0.15038964), (49, 0.06900998)]
[(0, 0.087300904), (2, 0.031047994), (8, 0.019444883), (11, 0.021274319), (13, 0.098835506), (14, 0.014776798), (21, 0.089126796), (22, 0.039463602), (23, 0.35161105), (30, 0.03286768), (36, 0.053176392), (48, 0.025309702), (49, 0.08928819)]
[(0, 0.057505302), (4, 0.016435347), (8, 0.012038197), (11, 0.10379588), (13, 0.027157195), (14, 0.03982046), (21, 0.07589444), (22, 0.013071725), (23, 0.29519585), (30, 0.015254582), (31, 0.015303783), (35, 0.010432165), (36, 0.052820783), (47, 0.014441805), (48, 0.16477336), (49, 0.055616908)]
[(0, 0.030835515), (4, 0.058386445), (7, 0.04579932), (12, 0.08169781), (21, 0.08216572), (22, 0.1681659), (30, 0.07636607), (35, 0.06526896), (37, 0.05865792), (39, 0.011231165), (47, 0.023927407), (48, 0.06758731), (49, 0.20232739)]
[(0, 0.07452031), (1, 0.013029654), (2, 0.09953483), (4, 0.022234611), (7, 0.19380723), (13, 0.026671264), (21, 0.14503142), (22, 0.04513314), (23, 0.030879423), (30, 0.0854248), (39, 0.023586929), (47, 0.07353762), (48, 0.0491484), (49, 0.10280728)]
[(0, 0.102600835), (2, 0.07075066), (4, 0.011732796), (5, 0.022669625), (7, 0.022034662), (8, 0.11471691), (11, 0.017919868), (13, 0.021552155), (21, 0.088214375), (22, 0.06601884), (36, 0.23785725), (39, 0.012166305), (48, 0.055506572), (49, 0.12303464)]
[(0, 0.108477525), (2, 0.016919173), (5, 0.011468287), (13, 0.07005888), (21, 0.056802213), (22, 0.01021009), (23, 0.5624347), (30, 0.034607932), (36, 0.01753548), (48, 0.013151844), (49, 0.05012764)]
[(0, 0.035708793), (3, 0.012174248), (4, 0.012586101), (7, 0.15860492), (21, 0.19909722), (22, 0.06132696), (25, 0.12419191), (30, 0.111646704), (34, 0.013970074), (47, 0.10249642), (48, 0.030952916), (49, 0.11380469)]
[(0, 0.011687757), (4, 0.061711293), (7, 0.03472532), (8, 0.06862795), (9, 0.029127272), (13, 0.019286307), (21, 0.05566206), (22, 0.2663738), (30, 0.07195727), (35, 0.082096286), (43, 0.017298598), (47, 0.016070496), (48, 0.01658581), (49, 0.21879567)]
[(0, 0.10565054), (7, 0.010023066), (8, 0.027208533), (9, 0.017975545), (11, 0.075958125), (14, 0.035440758), (21, 0.13125034), (23, 0.35931715), (30, 0.014984492), (31, 0.028612288), (47, 0.04205417), (48, 0.04764078), (49, 0.07147504)]
[(0, 0.06750208), (3, 0.025592845), (4, 0.0302259), (7, 0.18737662), (8, 0.15165748), (12, 0.089421146), (14, 0.028102335), (21, 0.06687624), (22, 0.01126607), (27, 0.010600336), (30, 0.038430206), (35, 0.023343543), (39, 0.010903949), (47, 0.018698888), (48, 0.05992857), (49, 0.14651193)]
[(0, 0.060192943), (4, 0.030315263), (5, 0.020064503), (7, 0.03688876), (8, 0.019630982), (14, 0.016385134), (21, 0.11415469), (22, 0.014149606), (30, 0.019596154), (34, 0.013795123), (35, 0.017300237), (43, 0.35291278), (47, 0.0129469745), (48, 0.043229345), (49, 0.20320776)]
[(0, 0.04197751), (4, 0.054513637), (7, 0.021282604), (8, 0.03825991), (14, 0.019504115), (21, 0.079763815), (30, 0.020557186), (34, 0.036320105), (35, 0.015419413), (39, 0.01597748), (43, 0.3400487), (47, 0.04756037), (48, 0.027758863), (49, 0.19954474)]
[(0, 0.08617966), (11, 0.08991181), (13, 0.07581953), (14, 0.023277797), (21, 0.07697902), (23, 0.47840217), (30, 0.026479857), (36, 0.012490245), (49, 0.069933884)]
[(0, 0.09072983), (4, 0.010760397), (5, 0.023550246), (7, 0.040493835), (8, 0.21795039), (9, 0.027693173), (14, 0.029841926), (21, 0.044813406), (22, 0.015792772), (30, 0.016143916), (34, 0.10589519), (43, 0.09649965), (47, 0.033098016), (48, 0.06037792), (49, 0.14612246)]
[(0, 0.13346198), (2, 0.022837164), (5, 0.019452117), (11, 0.13494003), (13, 0.12004063), (21, 0.10234049), (23, 0.32585138), (30, 0.06424978), (47, 0.017457874), (48, 0.012775295), (49, 0.017866794)]
[(0, 0.11040673), (4, 0.07869984), (5, 0.021534575), (7, 0.01899653), (8, 0.02090334), (9, 0.12643322), (21, 0.02464976), (22, 0.17390944), (25, 0.051863182), (30, 0.013427292), (35, 0.02899515), (39, 0.012942186), (45, 0.16294762), (47, 0.032049477), (48, 0.028150793), (49, 0.08271759)]
[(0, 0.06071809), (4, 0.11795104), (5, 0.03375373), (7, 0.010882822), (8, 0.024623392), (21, 0.016005468), (22, 0.038059004), (32, 0.24877468), (35, 0.016637137), (39, 0.02834671), (43, 0.06096003), (45, 0.016658964), (47, 0.050677918), (48, 0.053122234), (49, 0.20808087)]
[(0, 0.046540316), (2, 0.059030913), (5, 0.21107264), (7, 0.032746073), (8, 0.02625483), (13, 0.026939088), (21, 0.07041117), (35, 0.014518052), (37, 0.034810767), (39, 0.014255906), (47, 0.05214683), (48, 0.12140067), (49, 0.26397285)]
[(0, 0.05199201), (4, 0.020071868), (8, 0.17442936), (9, 0.23477793), (21, 0.061986215), (22, 0.13503984), (30, 0.016679933), (35, 0.08611052), (45, 0.023877572), (47, 0.011813839), (48, 0.09077461), (49, 0.06567729)]
[(0, 0.06279724), (4, 0.033230506), (5, 0.024306), (9, 0.01851342), (21, 0.021540582), (22, 0.12877305), (30, 0.04690722), (35, 0.17549759), (39, 0.022889348), (45, 0.3470441), (48, 0.018689658), (49, 0.07067736)]
[(0, 0.103504635), (8, 0.06392348), (11, 0.017588403), (13, 0.0218398), (14, 0.02965756), (21, 0.050991986), (23, 0.485065), (36, 0.052351363), (39, 0.011453164), (47, 0.038826205), (48, 0.022725483), (49, 0.060971662)]
[(0, 0.012683816), (4, 0.14207387), (7, 0.011561526), (13, 0.010455873), (21, 0.05402365), (22, 0.23753884), (25, 0.118898004), (30, 0.023316134), (35, 0.050489534), (37, 0.010460569), (39, 0.015986308), (47, 0.028091928), (48, 0.06824436), (49, 0.19130124)]
[(0, 0.079659775), (4, 0.038154285), (7, 0.01565144), (8, 0.027300617), (9, 0.20991062), (14, 0.022843149), (20, 0.099802494), (21, 0.013041641), (22, 0.07746115), (35, 0.045736454), (39, 0.07347546), (45, 0.017396279), (47, 0.047729827), (48, 0.08360958), (49, 0.11689219)]
[(0, 0.033911247), (4, 0.022870308), (5, 0.043111958), (6, 0.01933164), (7, 0.06612468), (8, 0.09716983), (9, 0.05866502), (14, 0.01865294), (18, 0.05908672), (21, 0.093677685), (22, 0.046445575), (27, 0.017253255), (30, 0.019176176), (37, 0.14162405), (47, 0.02096984), (48, 0.09654889), (49, 0.12363617)]
[(0, 0.044473756), (4, 0.055773612), (5, 0.11929103), (8, 0.0357172), (14, 0.014562956), (21, 0.02228192), (25, 0.35482022), (35, 0.015716933), (39, 0.022275362), (45, 0.02285832), (47, 0.03731761), (48, 0.121882066), (49, 0.101835445)]
[(0, 0.043708164), (4, 0.027338484), (5, 0.10270016), (7, 0.041073404), (8, 0.12430549), (9, 0.02898496), (11, 0.014915758), (14, 0.017350504), (21, 0.050276753), (22, 0.24185795), (23, 0.022038788), (31, 0.071794), (35, 0.030333227), (47, 0.015030175), (48, 0.035826422), (49, 0.119398735)]
[(0, 0.078512646), (11, 0.0896671), (13, 0.08317544), (14, 0.03231469), (21, 0.07662269), (23, 0.47712952), (30, 0.024548423), (36, 0.012191791), (48, 0.010331437), (49, 0.06513137)]
[(0, 0.02214141), (1, 0.01298276), (7, 0.03222684), (9, 0.04058875), (18, 0.012765015), (22, 0.119356215), (35, 0.013616815), (39, 0.4545216), (45, 0.10924395), (47, 0.033613414), (48, 0.089637816), (49, 0.02517566)]
[(0, 0.096727096), (4, 0.016497651), (5, 0.043145217), (9, 0.014197724), (14, 0.02494717), (21, 0.022780824), (22, 0.06451526), (35, 0.050345156), (39, 0.013748513), (45, 0.35088104), (47, 0.10084889), (48, 0.088446185), (49, 0.09966644)]
[(0, 0.06226536), (2, 0.19512476), (5, 0.028392382), (7, 0.111037344), (13, 0.040288184), (14, 0.017593516), (21, 0.13857254), (22, 0.05185613), (23, 0.041743763), (30, 0.073129065), (37, 0.061193366), (47, 0.011731753), (48, 0.026100822), (49, 0.10492008)]
[(0, 0.08775252), (3, 0.029408334), (7, 0.13295084), (8, 0.08831475), (14, 0.0183015), (21, 0.010009566), (34, 0.1008623), (39, 0.01362566), (43, 0.07980073), (47, 0.045402117), (48, 0.026470967), (49, 0.32403216)]
[(0, 0.041155588), (2, 0.3519564), (4, 0.08735893), (7, 0.01061099), (21, 0.025375783), (22, 0.10631189), (30, 0.023615664), (35, 0.064842254), (39, 0.018449455), (47, 0.025589088), (48, 0.14840339), (49, 0.07706595)]
[(0, 0.04239184), (4, 0.024432277), (5, 0.11404191), (6, 0.121874824), (7, 0.09279368), (8, 0.09417792), (14, 0.020141726), (15, 0.019073406), (21, 0.016512772), (22, 0.067141), (23, 0.016766863), (27, 0.06413548), (39, 0.026709326), (47, 0.08896907), (48, 0.0696857), (49, 0.088930175)]
[(0, 0.05352404), (4, 0.015463523), (14, 0.08035046), (22, 0.027139623), (35, 0.09748185), (39, 0.03143779), (45, 0.2600721), (47, 0.04502813), (48, 0.1837828), (49, 0.18099344)]
[(0, 0.15000573), (2, 0.018932944), (11, 0.10031099), (13, 0.062977165), (14, 0.027302634), (21, 0.03208548), (23, 0.45905384), (30, 0.059710275), (36, 0.01147854), (47, 0.011253587), (49, 0.03775427)]
[(0, 0.057041347), (2, 0.022241618), (4, 0.05231913), (7, 0.02381827), (9, 0.08208736), (21, 0.054321013), (22, 0.0317881), (25, 0.17063677), (35, 0.033428494), (39, 0.028656619), (45, 0.013118185), (47, 0.1224434), (48, 0.17134538), (49, 0.11976548)]
[(0, 0.12962638), (2, 0.045773685), (5, 0.029774062), (7, 0.052018803), (8, 0.13524266), (13, 0.035907637), (14, 0.023013674), (21, 0.09642183), (36, 0.28206292), (39, 0.014924204), (48, 0.03347919), (49, 0.07098721)]
[(0, 0.03804261), (1, 0.13305336), (4, 0.01209395), (7, 0.12122835), (8, 0.041584242), (14, 0.013072863), (21, 0.074634805), (35, 0.12955323), (37, 0.1293961), (39, 0.027901249), (47, 0.098932005), (48, 0.06677613), (49, 0.09493771)]
[(0, 0.066614464), (3, 0.010345858), (4, 0.030223165), (7, 0.29667524), (8, 0.088597074), (13, 0.022001224), (21, 0.093607225), (22, 0.018364217), (23, 0.029995302), (30, 0.109123394), (34, 0.025551256), (48, 0.027424011), (49, 0.1253812)]
[(0, 0.037340034), (4, 0.09219821), (5, 0.16367404), (7, 0.024527872), (8, 0.076843716), (9, 0.07996052), (34, 0.087377444), (39, 0.013046665), (43, 0.091131054), (47, 0.075211644), (48, 0.13548753), (49, 0.08870717)]
[(0, 0.050354652), (4, 0.034930777), (7, 0.014388688), (8, 0.054888073), (14, 0.026757546), (21, 0.020409266), (34, 0.0440686), (39, 0.017768985), (43, 0.4587217), (47, 0.02173805), (48, 0.05860366), (49, 0.16980216)]
[(0, 0.056135647), (3, 0.14319693), (4, 0.0331011), (7, 0.2849312), (21, 0.0696933), (22, 0.06655276), (30, 0.07878781), (35, 0.025309248), (39, 0.030726654), (47, 0.059509568), (48, 0.019847574), (49, 0.11842475)]
[(0, 0.083599605), (2, 0.01316052), (5, 0.013086116), (7, 0.0154600665), (11, 0.086352415), (13, 0.06691886), (14, 0.010629061), (21, 0.06589503), (23, 0.52012694), (30, 0.060383696), (49, 0.030756617)]
[(0, 0.16173507), (4, 0.016578976), (7, 0.087951705), (8, 0.15115908), (9, 0.015290524), (11, 0.07873661), (14, 0.039304934), (21, 0.059467755), (23, 0.023459649), (30, 0.030132342), (31, 0.037320476), (36, 0.043270834), (39, 0.013615247), (45, 0.037900157), (47, 0.02852356), (48, 0.029890524), (49, 0.11887871)]
[(0, 0.041317757), (5, 0.2179235), (7, 0.17665738), (8, 0.30114296), (9, 0.015612156), (14, 0.03713218), (21, 0.034603212), (27, 0.022259792), (48, 0.038544394), (49, 0.08798217)]
[(0, 0.033642065), (4, 0.013460942), (5, 0.31483412), (14, 0.30586606), (21, 0.037665125), (22, 0.012021532), (23, 0.010983515), (27, 0.029053973), (31, 0.052615546), (47, 0.025275445), (48, 0.039692316), (49, 0.08805354)]
[(0, 0.0307082), (1, 0.17610103), (4, 0.016356196), (7, 0.055580314), (8, 0.028551098), (9, 0.018583823), (13, 0.011293684), (21, 0.011732917), (22, 0.010033144), (35, 0.11187894), (39, 0.019320123), (45, 0.06099047), (47, 0.14448106), (48, 0.17269807), (49, 0.096675664)]
[(0, 0.023022594), (3, 0.09196364), (4, 0.027499987), (7, 0.027169466), (8, 0.023551231), (21, 0.14765958), (22, 0.10509117), (27, 0.13423899), (30, 0.010171955), (35, 0.02688393), (39, 0.034159668), (47, 0.0885188), (48, 0.07251676), (49, 0.16009185)]
[(0, 0.10340788), (2, 0.024598889), (7, 0.158772), (8, 0.057946976), (13, 0.18715514), (21, 0.05835196), (23, 0.036700998), (30, 0.048863318), (35, 0.011579161), (36, 0.12442759), (39, 0.010401813), (48, 0.024561511), (49, 0.10789554)]
[(0, 0.10398717), (2, 0.22400878), (4, 0.040938426), (7, 0.029019265), (8, 0.051189825), (14, 0.011481786), (21, 0.03389273), (22, 0.048199903), (25, 0.010934025), (35, 0.0133301), (47, 0.10196016), (48, 0.0984066), (49, 0.20828642)]
[(0, 0.14230911), (1, 0.0615309), (11, 0.010424045), (14, 0.26451394), (21, 0.03048509), (23, 0.30713403), (30, 0.046054408), (39, 0.017475901), (47, 0.013463177), (48, 0.011861111), (49, 0.062358286)]
[(0, 0.14263968), (7, 0.011754377), (11, 0.039765295), (21, 0.09541922), (23, 0.4215969), (30, 0.07977892), (31, 0.044667467), (36, 0.01707911), (39, 0.011202763), (48, 0.018961627), (49, 0.06904448)]
[(0, 0.07192904), (3, 0.017835703), (4, 0.04537403), (5, 0.1557006), (6, 0.07748393), (7, 0.092212096), (8, 0.035069115), (14, 0.037144523), (15, 0.016111568), (22, 0.024695052), (27, 0.07516008), (47, 0.025849566), (48, 0.12576453), (49, 0.16449973)]
[(0, 0.040293064), (4, 0.021995232), (5, 0.019826699), (8, 0.020716859), (14, 0.017534848), (21, 0.036491092), (22, 0.28502145), (30, 0.02389219), (35, 0.09780719), (39, 0.010037484), (45, 0.23099346), (47, 0.028215345), (48, 0.06757963), (49, 0.08917869)]
[(0, 0.0634677), (4, 0.013559004), (5, 0.036950115), (6, 0.011809868), (7, 0.07583048), (8, 0.29439527), (14, 0.0372169), (21, 0.02972938), (22, 0.171676), (35, 0.014425306), (47, 0.04309519), (48, 0.09391645), (49, 0.099704556)]
[(0, 0.09237104), (4, 0.019658888), (7, 0.08171957), (8, 0.11844053), (9, 0.02085419), (21, 0.056144472), (22, 0.113327056), (30, 0.10025048), (31, 0.016830936), (39, 0.18700291), (47, 0.020502063), (48, 0.02681922), (49, 0.12302961)]
[(0, 0.09008352), (4, 0.013674248), (5, 0.049136348), (7, 0.22046937), (8, 0.28819954), (14, 0.029020209), (21, 0.0857453), (22, 0.028950695), (47, 0.021819966), (48, 0.026421357), (49, 0.110073194)]
[(0, 0.0590068), (4, 0.046908807), (5, 0.02800054), (8, 0.1104104), (9, 0.038688365), (14, 0.022130655), (21, 0.014140279), (22, 0.34484944), (30, 0.048302505), (34, 0.012327197), (39, 0.01372812), (43, 0.05342768), (45, 0.016642252), (47, 0.029271819), (48, 0.09307511), (49, 0.05795716)]
[(0, 0.070989005), (1, 0.08143152), (3, 0.032068018), (4, 0.020896228), (7, 0.010079479), (12, 0.03781605), (14, 0.21486522), (21, 0.018762512), (22, 0.10773543), (30, 0.09689335), (39, 0.020285992), (47, 0.08797524), (48, 0.030430183), (49, 0.16339466)]
[(0, 0.09986335), (4, 0.030251544), (5, 0.20939091), (7, 0.053078786), (8, 0.3418407), (14, 0.011889689), (22, 0.015534294), (36, 0.031249834), (45, 0.013923535), (47, 0.071824245), (48, 0.043124143), (49, 0.065072194)]
[(0, 0.052304666), (4, 0.047786336), (5, 0.025692217), (7, 0.013649757), (8, 0.030255394), (9, 0.018115168), (13, 0.013319307), (21, 0.03257253), (22, 0.11394457), (30, 0.03513495), (31, 0.01099666), (34, 0.057395656), (35, 0.10172104), (43, 0.16767667), (47, 0.01820749), (48, 0.07517841), (49, 0.14663781)]
[(0, 0.024116546), (4, 0.043518692), (7, 0.021160198), (8, 0.022311268), (9, 0.26693884), (14, 0.01538737), (21, 0.167098), (22, 0.07143343), (30, 0.049185295), (39, 0.016145011), (47, 0.013274413), (48, 0.15785947), (49, 0.11038692)]
[(0, 0.087289445), (3, 0.017835503), (4, 0.07538427), (7, 0.023401754), (8, 0.032651804), (14, 0.010450621), (21, 0.044149492), (27, 0.019127626), (31, 0.010748338), (34, 0.04624624), (39, 0.012400407), (43, 0.3129977), (47, 0.05073774), (48, 0.036034495), (49, 0.20228918)]
[(0, 0.031038858), (4, 0.042955834), (7, 0.021153722), (8, 0.016221102), (14, 0.013458091), (21, 0.08279927), (22, 0.12440139), (30, 0.056993138), (34, 0.04098119), (35, 0.023689784), (43, 0.292746), (47, 0.015994612), (48, 0.03512595), (49, 0.18588956)]
[(0, 0.05312762), (4, 0.04955242), (7, 0.014293706), (8, 0.040088963), (21, 0.034034826), (22, 0.13953552), (32, 0.021394785), (35, 0.03168747), (39, 0.012685423), (43, 0.29468217), (47, 0.031173421), (48, 0.059703823), (49, 0.17847095)]
[(0, 0.06150636), (4, 0.05482787), (5, 0.028327582), (9, 0.20117776), (22, 0.15085018), (35, 0.06763262), (45, 0.13298878), (47, 0.0271208), (48, 0.12859888), (49, 0.11248093)]
[(0, 0.09270797), (6, 0.03140233), (7, 0.31597656), (8, 0.15942606), (14, 0.06190755), (21, 0.086320326), (27, 0.042492654), (39, 0.014975442), (48, 0.060198776), (49, 0.08996467)]
[(0, 0.08604004), (2, 0.021375151), (5, 0.015570641), (11, 0.010506789), (13, 0.09049423), (21, 0.08305919), (23, 0.52790725), (30, 0.057376612), (36, 0.02889131), (49, 0.029099597)]
[(0, 0.06925922), (2, 0.02160994), (3, 0.03696359), (7, 0.11934073), (13, 0.059812594), (21, 0.078231886), (22, 0.020802375), (25, 0.016822575), (30, 0.16149011), (34, 0.020634674), (35, 0.048501518), (39, 0.011789131), (47, 0.08380917), (48, 0.0375265), (49, 0.1772529)]
[(0, 0.10922912), (4, 0.04698687), (7, 0.014407258), (8, 0.2126695), (9, 0.08081115), (14, 0.114734866), (21, 0.0858811), (22, 0.042360853), (30, 0.021899529), (35, 0.016494479), (39, 0.039369714), (47, 0.0413904), (48, 0.10100662), (49, 0.055411085)]
[(0, 0.11266566), (1, 0.012789382), (4, 0.056802083), (6, 0.022847762), (7, 0.05796829), (8, 0.24228206), (9, 0.018545894), (14, 0.083834), (21, 0.03189883), (25, 0.012716483), (27, 0.0883807), (39, 0.012294641), (47, 0.0150787905), (48, 0.08638901), (49, 0.11327886)]
[(0, 0.085840106), (4, 0.147383), (5, 0.12344179), (7, 0.014960723), (8, 0.22761305), (9, 0.034431107), (14, 0.020340526), (22, 0.03926317), (25, 0.015364805), (35, 0.02017824), (47, 0.03224282), (48, 0.037529957), (49, 0.15600057)]
[(0, 0.03299491), (4, 0.015480145), (9, 0.10179387), (18, 0.07183476), (21, 0.019695), (22, 0.16209623), (30, 0.029695323), (39, 0.44598997), (45, 0.031831957), (48, 0.023022925), (49, 0.026454866)]
[(0, 0.044843588), (4, 0.12225628), (7, 0.011732858), (8, 0.038671963), (14, 0.049776178), (22, 0.024604427), (32, 0.22398508), (43, 0.117673516), (47, 0.03348715), (48, 0.11981101), (49, 0.17235842)]
[(0, 0.09336984), (4, 0.08287839), (7, 0.010419964), (8, 0.032687295), (9, 0.12601991), (14, 0.0279448), (20, 0.02491865), (21, 0.0251366), (22, 0.10923927), (35, 0.015534331), (39, 0.04133444), (45, 0.103207365), (47, 0.12756075), (48, 0.05565267), (49, 0.10063496)]
[(0, 0.024521464), (4, 0.016464178), (5, 0.11743589), (6, 0.018169368), (7, 0.115476996), (8, 0.020025823), (15, 0.015474289), (22, 0.09993005), (27, 0.025878163), (35, 0.088811375), (37, 0.15197341), (39, 0.022291647), (47, 0.022284983), (48, 0.1244491), (49, 0.112653285)]
[(0, 0.053776495), (5, 0.036473654), (7, 0.20669852), (8, 0.37870738), (21, 0.103408776), (39, 0.01694496), (48, 0.040372316), (49, 0.10960395)]
[(0, 0.04270705), (3, 0.0132843815), (4, 0.040357135), (5, 0.051122356), (8, 0.06841895), (12, 0.010536908), (21, 0.045176335), (22, 0.105588354), (31, 0.01142341), (32, 0.011862025), (34, 0.011554301), (35, 0.03761803), (39, 0.010534914), (47, 0.103873245), (48, 0.08127174), (49, 0.31956884)]
[(0, 0.075981654), (4, 0.013413713), (5, 0.17995666), (7, 0.09549392), (8, 0.34657), (9, 0.033714466), (21, 0.011997684), (22, 0.044490118), (45, 0.012876314), (47, 0.012796701), (48, 0.055329725), (49, 0.089002)]
[(0, 0.03793318), (4, 0.044079382), (5, 0.0319422), (6, 0.05497545), (7, 0.028218228), (8, 0.012809942), (9, 0.02431946), (14, 0.03188985), (15, 0.020004923), (21, 0.04739662), (22, 0.28524914), (25, 0.02140035), (27, 0.052472193), (30, 0.010320981), (39, 0.01391986), (47, 0.023467464), (48, 0.19429855), (49, 0.0560359)]
[(0, 0.036244567), (4, 0.024110027), (7, 0.115803935), (8, 0.12554353), (14, 0.016797906), (21, 0.14267458), (22, 0.027969649), (25, 0.020497976), (30, 0.021558767), (35, 0.044931155), (37, 0.13898876), (39, 0.035370108), (47, 0.058973007), (48, 0.07110238), (49, 0.09939801)]
[(0, 0.13406202), (2, 0.06199495), (7, 0.0717929), (8, 0.094666556), (11, 0.0145071605), (13, 0.051064804), (14, 0.018162943), (21, 0.090739444), (23, 0.027530873), (36, 0.29007724), (48, 0.019487575), (49, 0.09420093)]
[(0, 0.028378464), (2, 0.058515742), (4, 0.060029764), (5, 0.022430282), (21, 0.0182172), (22, 0.039677583), (25, 0.37439853), (39, 0.013331813), (47, 0.09326181), (48, 0.15979533), (49, 0.07910919)]
[(0, 0.10054819), (5, 0.041701686), (7, 0.045019135), (8, 0.04120498), (9, 0.046558864), (11, 0.35995233), (14, 0.019100586), (21, 0.036038276), (23, 0.015359671), (31, 0.08909941), (39, 0.015522616), (47, 0.014900875), (48, 0.040415015), (49, 0.109876156)]
[(0, 0.041947216), (4, 0.1372175), (7, 0.044270497), (8, 0.08986986), (9, 0.18734127), (18, 0.019894505), (21, 0.06143904), (22, 0.115843825), (30, 0.06806179), (35, 0.011149427), (43, 0.020744713), (47, 0.021910584), (48, 0.04005964), (49, 0.102009766)]
[(0, 0.073526815), (4, 0.037408642), (5, 0.011567462), (7, 0.09108186), (8, 0.08288467), (9, 0.1089682), (18, 0.012063006), (21, 0.011692963), (22, 0.013802184), (35, 0.05977933), (39, 0.019276937), (47, 0.058170088), (48, 0.118278295), (49, 0.27616858)]
[(4, 0.05454269), (9, 0.2632094), (21, 0.03892293), (22, 0.18734965), (30, 0.03688355), (35, 0.12690191), (45, 0.012139712), (48, 0.05357278), (49, 0.17867523)]
[(0, 0.030175582), (4, 0.023025157), (9, 0.029090209), (18, 0.014495158), (21, 0.016106386), (22, 0.1732686), (35, 0.07823162), (39, 0.47993636), (45, 0.08474027), (48, 0.024208866), (49, 0.022628503)]
[(0, 0.03036082), (3, 0.15901852), (7, 0.25675303), (21, 0.098207556), (22, 0.016227687), (30, 0.09441393), (34, 0.035940226), (37, 0.1162926), (47, 0.010383805), (48, 0.034746215), (49, 0.118435316)]
[(0, 0.11958506), (4, 0.019314533), (7, 0.011770449), (8, 0.07422861), (14, 0.5053957), (21, 0.028647205), (39, 0.03838536), (47, 0.020799961), (48, 0.064050525), (49, 0.07548296)]
[(0, 0.021862391), (1, 0.015780194), (7, 0.027785862), (9, 0.04069878), (18, 0.012529059), (22, 0.11632688), (35, 0.011282326), (39, 0.45591927), (45, 0.11039709), (47, 0.028698122), (48, 0.10095436), (49, 0.026887864)]
[(0, 0.052481283), (11, 0.08425542), (13, 0.04027322), (14, 0.03120513), (21, 0.15253262), (23, 0.4768807), (30, 0.052223474), (35, 0.011799281), (48, 0.012685264), (49, 0.029510465)]
[(0, 0.10024232), (4, 0.017418643), (5, 0.018407427), (7, 0.012017981), (8, 0.022740318), (11, 0.23102257), (21, 0.06631944), (23, 0.35936236), (31, 0.028327687), (39, 0.011759439), (48, 0.018877609), (49, 0.07706223)]
[(0, 0.014956621), (4, 0.031277522), (7, 0.014129201), (9, 0.014192193), (14, 0.65984434), (35, 0.013931553), (39, 0.09020913), (48, 0.08256777), (49, 0.037156317)]
[(0, 0.10957699), (1, 0.103453614), (4, 0.06024896), (14, 0.37115875), (21, 0.015200754), (32, 0.0346197), (39, 0.05479263), (47, 0.070937335), (48, 0.08290471), (49, 0.06786336)]
[(0, 0.10280777), (5, 0.018759944), (8, 0.079136), (11, 0.2522411), (14, 0.01838915), (21, 0.017092789), (23, 0.30068398), (35, 0.011209377), (36, 0.020500563), (47, 0.01626909), (48, 0.031046977), (49, 0.081244625)]
[(0, 0.061122052), (4, 0.030421924), (7, 0.011109587), (9, 0.013439797), (21, 0.07379098), (22, 0.046393663), (30, 0.024870995), (35, 0.14593907), (45, 0.36281306), (47, 0.05024249), (48, 0.037719067), (49, 0.11017031)]
[(0, 0.08563478), (5, 0.0139544485), (8, 0.025599737), (11, 0.23608038), (14, 0.018295161), (21, 0.04182124), (22, 0.020732725), (23, 0.42613018), (39, 0.016340023), (49, 0.06311434)]
[(0, 0.055032566), (4, 0.07316971), (7, 0.026499346), (8, 0.026210196), (9, 0.048996955), (21, 0.044288177), (22, 0.16646084), (30, 0.07203986), (31, 0.019115476), (32, 0.04499266), (39, 0.039197616), (43, 0.06840253), (47, 0.06387795), (48, 0.041905206), (49, 0.18271948)]
[(0, 0.075558506), (2, 0.016163377), (8, 0.033988237), (11, 0.11276979), (14, 0.026017312), (21, 0.115416415), (23, 0.37749887), (31, 0.026440283), (36, 0.017427212), (39, 0.02041997), (47, 0.022946931), (48, 0.049415767), (49, 0.07692719)]
[(0, 0.11090346), (11, 0.021476137), (14, 0.07688375), (21, 0.050510388), (23, 0.45318246), (30, 0.14414804), (39, 0.014909008), (47, 0.01635809), (48, 0.011291413), (49, 0.06407154)]
[(0, 0.07272928), (4, 0.026258303), (7, 0.04185788), (8, 0.017079342), (9, 0.14775908), (11, 0.08315625), (14, 0.012201744), (21, 0.1581236), (22, 0.013378351), (30, 0.044389736), (31, 0.062593505), (35, 0.06540069), (39, 0.01119494), (45, 0.02465905), (47, 0.029433548), (48, 0.05564554), (49, 0.11831902)]
[(0, 0.16869691), (4, 0.015849654), (7, 0.036928546), (8, 0.15832534), (11, 0.03151788), (14, 0.12910208), (21, 0.0756819), (23, 0.013915892), (31, 0.113040924), (35, 0.023140155), (36, 0.031046284), (48, 0.07514494), (49, 0.0802767)]
[(0, 0.061753877), (1, 0.054150563), (3, 0.010882776), (7, 0.09533586), (8, 0.07174893), (21, 0.093839765), (22, 0.044814788), (25, 0.0150994), (30, 0.03591354), (34, 0.059579875), (35, 0.071595885), (39, 0.015926436), (47, 0.12890433), (48, 0.08467781), (49, 0.1259862)]
[(0, 0.02213484), (4, 0.0256692), (7, 0.010834389), (9, 0.079945154), (21, 0.020770112), (22, 0.23428166), (30, 0.0153219355), (35, 0.044137612), (39, 0.3619548), (45, 0.09608286), (48, 0.022803938), (49, 0.046527885)]
[(0, 0.043180976), (4, 0.09474293), (7, 0.43037647), (8, 0.019048741), (21, 0.07016694), (22, 0.03811451), (27, 0.06199805), (30, 0.07599677), (34, 0.0101655545), (45, 0.018312324), (47, 0.012091957), (48, 0.015202228), (49, 0.06528079)]
[(0, 0.08479935), (2, 0.28147176), (4, 0.07002218), (5, 0.021149307), (7, 0.027132528), (13, 0.0110622225), (14, 0.022445949), (21, 0.0128239775), (22, 0.12824553), (30, 0.09221096), (39, 0.017933782), (47, 0.024857068), (48, 0.061642904), (49, 0.12799926)]
[(0, 0.026139555), (4, 0.41975722), (5, 0.01022202), (7, 0.029225519), (8, 0.021043332), (14, 0.021492545), (22, 0.08930056), (25, 0.020975232), (32, 0.016143883), (39, 0.022578994), (47, 0.10737059), (48, 0.043233126), (49, 0.12598126)]
[(0, 0.012197294), (4, 0.09643694), (5, 0.045002352), (7, 0.013692499), (8, 0.07476696), (9, 0.32236803), (14, 0.020534668), (22, 0.033805374), (34, 0.0260783), (35, 0.02428876), (43, 0.020944754), (47, 0.14225632), (48, 0.0685506), (49, 0.06408581)]
[(0, 0.13603069), (2, 0.13596742), (4, 0.050386965), (7, 0.061783336), (8, 0.068032995), (9, 0.013011355), (13, 0.054008305), (21, 0.08843051), (22, 0.0457606), (23, 0.010045075), (30, 0.084430456), (36, 0.13607708), (48, 0.020280546), (49, 0.06568576)]
[(0, 0.1360045), (1, 0.01022196), (7, 0.03784022), (8, 0.07931497), (9, 0.31203935), (11, 0.08761096), (14, 0.052171733), (31, 0.044554215), (45, 0.06568711), (47, 0.025110569), (49, 0.08564333)]
[(0, 0.04751032), (4, 0.04908568), (7, 0.013319092), (21, 0.06911434), (22, 0.02506003), (30, 0.04282741), (35, 0.03204996), (37, 0.0766706), (39, 0.03995236), (47, 0.40619346), (48, 0.09971304), (49, 0.08621233)]
[(0, 0.07550324), (4, 0.07224373), (7, 0.02600569), (8, 0.054395474), (9, 0.045919098), (21, 0.11119997), (22, 0.088151455), (30, 0.09489222), (31, 0.032000445), (32, 0.043121446), (34, 0.049446456), (39, 0.0134992385), (43, 0.07754836), (45, 0.010579041), (47, 0.023278993), (48, 0.022873249), (49, 0.13379322)]
[(0, 0.059223853), (7, 0.011775261), (11, 0.230614), (13, 0.047392976), (21, 0.07190995), (23, 0.3820625), (30, 0.07990958), (36, 0.013105032), (39, 0.012581116), (48, 0.027199991), (49, 0.037338153)]
[(0, 0.064096145), (7, 0.0100951), (8, 0.052497003), (11, 0.059895378), (14, 0.01854866), (21, 0.06767567), (23, 0.48583096), (30, 0.016435519), (31, 0.012713976), (39, 0.030380113), (48, 0.04291866), (49, 0.104925506)]
[(0, 0.043127667), (4, 0.015022897), (5, 0.08124506), (8, 0.13170388), (14, 0.09518645), (21, 0.014295153), (22, 0.08113183), (35, 0.16935028), (39, 0.020690784), (45, 0.22568893), (47, 0.031194914), (48, 0.024090188), (49, 0.048253674)]
[(0, 0.012628995), (4, 0.14154354), (7, 0.011649406), (13, 0.010529623), (21, 0.053947285), (22, 0.23713973), (25, 0.11989248), (30, 0.023403574), (35, 0.05038357), (37, 0.010485954), (39, 0.015885044), (47, 0.027721893), (48, 0.06860776), (49, 0.19109614)]
[(0, 0.07424107), (11, 0.04946813), (14, 0.031049674), (21, 0.0917349), (23, 0.60621655), (30, 0.012926474), (47, 0.011908332), (48, 0.015181977), (49, 0.045056753)]
[(0, 0.020719243), (4, 0.05009531), (5, 0.035403304), (13, 0.013475213), (21, 0.06361944), (22, 0.22030318), (30, 0.025370939), (34, 0.011771374), (35, 0.08966437), (43, 0.19719298), (47, 0.01247068), (48, 0.07985128), (49, 0.1438905)]
[(0, 0.01156027), (5, 0.041355073), (8, 0.029400278), (9, 0.01696111), (14, 0.0123519795), (21, 0.049772087), (22, 0.011999849), (25, 0.11349298), (35, 0.16145603), (39, 0.023893673), (47, 0.14055915), (48, 0.2684303), (49, 0.10417991)]
[(0, 0.14263439), (1, 0.06073067), (4, 0.026742872), (7, 0.020369241), (8, 0.013376788), (9, 0.03832278), (14, 0.25160336), (22, 0.044353392), (30, 0.010469916), (39, 0.018867103), (47, 0.15376098), (48, 0.0434473), (49, 0.14716524)]
[(0, 0.060295567), (3, 0.04050736), (4, 0.033768225), (5, 0.016313137), (7, 0.1864335), (8, 0.051953454), (9, 0.015618899), (14, 0.03768832), (21, 0.024950897), (23, 0.01869213), (27, 0.28939334), (31, 0.01275948), (34, 0.013472889), (48, 0.0521205), (49, 0.10748866)]
[(0, 0.11211067), (7, 0.017342757), (11, 0.18391475), (13, 0.03747815), (21, 0.11078821), (23, 0.3808372), (30, 0.038821995), (36, 0.010618532), (47, 0.013489488), (48, 0.010800573), (49, 0.05362623)]
[(0, 0.09365472), (1, 0.01104666), (4, 0.061459165), (7, 0.025484249), (8, 0.034552064), (9, 0.12735511), (21, 0.017582567), (22, 0.06362052), (30, 0.06532372), (35, 0.027818773), (45, 0.23499228), (47, 0.024792885), (48, 0.06373939), (49, 0.118096374)]
[(3, 0.09501763), (7, 0.3772507), (8, 0.015066301), (21, 0.26097435), (27, 0.06950054), (30, 0.053950872), (39, 0.013308082), (47, 0.010429089), (49, 0.053027507)]
[(0, 0.13183384), (1, 0.017224312), (11, 0.21185043), (13, 0.014160519), (14, 0.04799435), (23, 0.30616033), (30, 0.011741331), (31, 0.07791755), (39, 0.023125127), (47, 0.041298687), (48, 0.01429404), (49, 0.06174188)]
[(0, 0.065183796), (2, 0.012009632), (7, 0.014686734), (11, 0.13695306), (13, 0.04678543), (21, 0.066406526), (23, 0.50663847), (30, 0.02844099), (39, 0.014145642), (47, 0.010676113), (48, 0.0174801), (49, 0.060705654)]
[(0, 0.12865518), (4, 0.03593072), (7, 0.06919641), (8, 0.04722439), (9, 0.08365662), (14, 0.016461104), (21, 0.041285902), (22, 0.11984602), (30, 0.12471112), (35, 0.012429652), (39, 0.026385916), (45, 0.13509712), (47, 0.017962199), (48, 0.030015662), (49, 0.08985995)]
[(0, 0.09954418), (5, 0.0346689), (6, 0.12442181), (7, 0.14452246), (8, 0.20043656), (14, 0.053507872), (21, 0.030840466), (27, 0.103986934), (39, 0.010128204), (47, 0.037711952), (48, 0.047758553), (49, 0.08878941)]
[(0, 0.07330662), (1, 0.012898053), (2, 0.023013715), (5, 0.022419818), (7, 0.01065909), (8, 0.023041505), (11, 0.05755133), (14, 0.037011378), (21, 0.0919212), (23, 0.40886608), (31, 0.017950198), (36, 0.026486466), (39, 0.011183997), (47, 0.027838059), (48, 0.03437196), (49, 0.08838794)]
[(0, 0.07385671), (4, 0.27996457), (5, 0.028826006), (6, 0.012023378), (7, 0.010259966), (8, 0.01525521), (9, 0.171424), (14, 0.015336076), (22, 0.07438845), (35, 0.03030347), (39, 0.03908611), (47, 0.03990626), (48, 0.06408332), (49, 0.12799628)]
[(0, 0.04112232), (3, 0.21883419), (4, 0.013525593), (7, 0.17188793), (21, 0.0752108), (22, 0.05918201), (30, 0.047838774), (34, 0.14769655), (39, 0.013092369), (43, 0.02441778), (47, 0.045297924), (48, 0.01764385), (49, 0.10413185)]
[(0, 0.0851923), (2, 0.01977405), (5, 0.018693913), (8, 0.019925661), (11, 0.059889626), (14, 0.031784218), (21, 0.09456062), (23, 0.42105085), (31, 0.014024597), (36, 0.04855598), (39, 0.013466218), (47, 0.021889286), (48, 0.018062998), (49, 0.10523672)]
[(0, 0.033574145), (4, 0.11306926), (5, 0.04414319), (8, 0.07764607), (13, 0.011695845), (21, 0.036874816), (22, 0.29457885), (23, 0.047052506), (30, 0.010932224), (31, 0.013839736), (34, 0.04212097), (43, 0.06252607), (47, 0.03061221), (48, 0.033749998), (49, 0.10991663)]
[(0, 0.018967155), (4, 0.105877556), (5, 0.025554674), (7, 0.021721808), (9, 0.04332526), (14, 0.011204344), (21, 0.023740627), (22, 0.14614436), (27, 0.24760757), (35, 0.013574139), (47, 0.03710503), (48, 0.22404782), (49, 0.050486133)]
[(0, 0.13859947), (7, 0.07804858), (8, 0.1954703), (13, 0.02733171), (21, 0.03153575), (23, 0.046564326), (36, 0.23292598), (45, 0.022589795), (48, 0.03753845), (49, 0.1320163)]
[(0, 0.013384058), (1, 0.018777048), (4, 0.011364243), (7, 0.034343284), (8, 0.015992913), (12, 0.20995396), (22, 0.0647291), (25, 0.16588995), (35, 0.025825702), (39, 0.018301703), (47, 0.12919673), (48, 0.16468672), (49, 0.09248953)]
[(0, 0.04210552), (3, 0.045556784), (4, 0.035288613), (5, 0.14793009), (7, 0.037008367), (8, 0.059431147), (9, 0.019360328), (14, 0.022501748), (21, 0.013803353), (22, 0.014308415), (27, 0.1854824), (37, 0.07504218), (47, 0.026485471), (48, 0.064907975), (49, 0.18125097)]
[(0, 0.094219394), (3, 0.24698277), (4, 0.086753264), (7, 0.17416154), (21, 0.05072932), (27, 0.022297664), (30, 0.14082572), (47, 0.026559096), (48, 0.018578991), (49, 0.11150567)]
[(0, 0.067837834), (4, 0.088083774), (5, 0.026716206), (6, 0.0150463395), (7, 0.03724211), (9, 0.21034573), (18, 0.017600155), (21, 0.049503095), (22, 0.048328243), (30, 0.10753107), (35, 0.0153209595), (39, 0.019759748), (47, 0.03617159), (48, 0.121377096), (49, 0.11402457)]
[(0, 0.07833734), (4, 0.031803686), (6, 0.025401846), (7, 0.11482378), (8, 0.1360724), (9, 0.059556205), (13, 0.026435332), (14, 0.07668272), (21, 0.053349167), (27, 0.09816717), (30, 0.011092474), (39, 0.0195744), (47, 0.042928137), (48, 0.06757208), (49, 0.1263674)]
[(0, 0.13659713), (1, 0.020500723), (2, 0.049004912), (4, 0.05897464), (7, 0.027728723), (9, 0.025312075), (14, 0.08269419), (21, 0.04226482), (22, 0.026465874), (25, 0.011857134), (27, 0.026343685), (30, 0.09477005), (37, 0.052170515), (39, 0.019518754), (47, 0.15241948), (48, 0.057753105), (49, 0.09837973)]
[(0, 0.075700924), (2, 0.16310048), (4, 0.011519491), (5, 0.13563342), (14, 0.021126645), (21, 0.030991577), (22, 0.04561257), (39, 0.010051193), (47, 0.0800537), (48, 0.23739342), (49, 0.14129257)]
[(0, 0.01687181), (7, 0.010322676), (14, 0.297248), (21, 0.011866181), (25, 0.06855867), (39, 0.28764832), (45, 0.19396186), (47, 0.010992268), (48, 0.017196195), (49, 0.021148998)]
[(0, 0.08857408), (1, 0.011796988), (3, 0.12141219), (5, 0.13919085), (7, 0.10613368), (8, 0.10471882), (11, 0.028653255), (14, 0.113746166), (21, 0.052156612), (22, 0.011182368), (27, 0.027213747), (39, 0.019909168), (47, 0.022123422), (48, 0.04892369), (49, 0.073374)]
[(0, 0.19972192), (2, 0.019863456), (7, 0.023549043), (8, 0.015386859), (13, 0.13472374), (14, 0.016223036), (23, 0.10824832), (30, 0.07481639), (36, 0.29427662), (47, 0.015086895), (49, 0.06825839)]
[(0, 0.054734435), (2, 0.011706383), (7, 0.010226307), (8, 0.01164476), (11, 0.26257822), (13, 0.12716554), (21, 0.07995144), (23, 0.26835272), (30, 0.03485261), (36, 0.010760876), (47, 0.033029426), (48, 0.02252158), (49, 0.043847285)]
[(0, 0.15279534), (7, 0.01938524), (8, 0.057039466), (13, 0.029792948), (14, 0.041664153), (21, 0.039720528), (23, 0.16279241), (35, 0.010002564), (36, 0.24707642), (47, 0.018768473), (48, 0.057425883), (49, 0.105046935)]
[(0, 0.05090406), (4, 0.05499594), (7, 0.024512162), (21, 0.0658791), (22, 0.079766706), (30, 0.10953375), (34, 0.028035019), (43, 0.30584082), (47, 0.0317391), (48, 0.016654612), (49, 0.18152128)]
[(0, 0.030714825), (4, 0.11137712), (5, 0.04422483), (8, 0.07750573), (13, 0.011886136), (21, 0.03366036), (22, 0.30120835), (23, 0.046354264), (30, 0.01004898), (31, 0.015503522), (34, 0.04315976), (43, 0.062103815), (47, 0.034167696), (48, 0.029438581), (49, 0.11304111)]
[(0, 0.09109925), (4, 0.046079583), (7, 0.03638642), (8, 0.028281184), (13, 0.05503568), (14, 0.013438865), (21, 0.021947706), (22, 0.05844203), (30, 0.02437841), (34, 0.030697467), (39, 0.04323296), (43, 0.05082503), (47, 0.07542061), (48, 0.19928676), (49, 0.20298177)]
[(0, 0.10219523), (1, 0.023020972), (4, 0.028393704), (9, 0.08669287), (14, 0.06324605), (22, 0.13749191), (35, 0.012192551), (39, 0.020638907), (45, 0.31136155), (47, 0.08515297), (48, 0.0409834), (49, 0.06557093)]
[(0, 0.011272892), (1, 0.06262323), (4, 0.22727083), (14, 0.2800443), (25, 0.19420396), (35, 0.013512287), (39, 0.017028268), (47, 0.030672025), (48, 0.05967341), (49, 0.07701607)]
[(0, 0.0802569), (5, 0.023418391), (6, 0.10770117), (7, 0.16588415), (8, 0.19408417), (14, 0.11176495), (21, 0.010444549), (27, 0.10856589), (48, 0.06518966), (49, 0.080158874)]
[(0, 0.038318332), (5, 0.20544715), (6, 0.13196589), (7, 0.056002), (8, 0.028261835), (14, 0.030377526), (15, 0.06131997), (21, 0.08349954), (22, 0.019854944), (27, 0.09485207), (35, 0.0145775685), (47, 0.013022674), (48, 0.099744424), (49, 0.095296375)]
[(0, 0.013842046), (1, 0.0143119795), (7, 0.025058713), (8, 0.30626705), (11, 0.013973275), (14, 0.34012994), (47, 0.04460297), (48, 0.026573414), (49, 0.16857989)]
[(0, 0.021875776), (2, 0.05268638), (4, 0.036625568), (7, 0.14633174), (8, 0.016706578), (21, 0.051660135), (22, 0.11844131), (23, 0.03355387), (30, 0.09966515), (35, 0.16250701), (37, 0.05520229), (48, 0.04336737), (49, 0.1201939)]
[(0, 0.051997818), (4, 0.0316926), (5, 0.031484045), (21, 0.037616283), (22, 0.11719984), (30, 0.037270986), (35, 0.22583851), (39, 0.014597908), (45, 0.29006276), (47, 0.015910422), (48, 0.022519212), (49, 0.098322466)]
[(0, 0.13711809), (2, 0.015457643), (11, 0.05069078), (13, 0.08364216), (14, 0.0114083905), (21, 0.05294547), (23, 0.5104381), (30, 0.033974692), (36, 0.024536688), (48, 0.024605317), (49, 0.022237444)]
[(0, 0.031699758), (4, 0.060064957), (7, 0.010534284), (21, 0.088906094), (22, 0.08152908), (25, 0.012959849), (30, 0.047035553), (35, 0.05884592), (37, 0.02281646), (39, 0.1869065), (47, 0.19076131), (48, 0.10607698), (49, 0.083638966)]
[(0, 0.09246399), (7, 0.014676872), (11, 0.040208675), (13, 0.065397754), (14, 0.07237087), (21, 0.09749653), (22, 0.010527292), (23, 0.43053833), (30, 0.03247999), (36, 0.017094241), (48, 0.027699353), (49, 0.048325084)]
[(0, 0.14489658), (11, 0.14018188), (13, 0.076561816), (14, 0.017268836), (21, 0.02271235), (23, 0.42041636), (30, 0.023204034), (31, 0.010910079), (36, 0.011230056), (47, 0.01479666), (48, 0.021000069), (49, 0.049084906)]
[(0, 0.09869705), (2, 0.024025949), (11, 0.04855792), (13, 0.032714847), (14, 0.034774244), (21, 0.11331569), (23, 0.5201072), (30, 0.046629593), (47, 0.011534596), (48, 0.01882879), (49, 0.03064143)]
[(0, 0.045281313), (3, 0.09505636), (4, 0.068593346), (5, 0.038826853), (7, 0.017806359), (8, 0.010647413), (14, 0.012981879), (21, 0.011038824), (22, 0.1286797), (27, 0.20325278), (35, 0.022694213), (43, 0.03865596), (47, 0.019291418), (48, 0.17940526), (49, 0.08581157)]
[(0, 0.051906336), (2, 0.010373804), (4, 0.047929384), (7, 0.064882785), (8, 0.031508513), (13, 0.01143345), (21, 0.07755224), (22, 0.20178361), (23, 0.22617249), (30, 0.0886617), (31, 0.010349742), (47, 0.021432135), (48, 0.019310817), (49, 0.10838664)]
[(0, 0.10192999), (2, 0.011740663), (11, 0.056674637), (13, 0.06866568), (14, 0.01152411), (21, 0.059607834), (23, 0.51268697), (30, 0.048028957), (47, 0.010230834), (48, 0.013226327), (49, 0.050514042)]
[(0, 0.03818084), (1, 0.021419344), (4, 0.056707636), (7, 0.03559024), (9, 0.24471803), (14, 0.040988233), (18, 0.010818528), (21, 0.013264852), (22, 0.066075794), (35, 0.044066127), (39, 0.011975802), (45, 0.11507101), (47, 0.05097995), (48, 0.07777083), (49, 0.14554624)]
[(0, 0.012344535), (4, 0.094070524), (5, 0.043303456), (7, 0.014520392), (8, 0.07517323), (9, 0.32566676), (14, 0.018018885), (22, 0.041501712), (25, 0.010209935), (34, 0.024045711), (35, 0.024564814), (43, 0.01999371), (47, 0.14421465), (48, 0.06111259), (49, 0.063815914)]
[(0, 0.12991479), (2, 0.1077077), (4, 0.034474242), (5, 0.09667068), (7, 0.018652057), (8, 0.07420074), (21, 0.040066406), (23, 0.09168313), (31, 0.012853484), (36, 0.23024563), (45, 0.014138911), (48, 0.02575744), (49, 0.09268597)]
[(0, 0.047652636), (4, 0.022638379), (7, 0.046232846), (8, 0.21946248), (11, 0.02592714), (14, 0.26157764), (21, 0.024682237), (31, 0.09612574), (47, 0.032263573), (48, 0.040222455), (49, 0.14746125)]
[(0, 0.076341316), (4, 0.015482167), (5, 0.035777442), (6, 0.027625166), (7, 0.18489899), (8, 0.38243908), (13, 0.010106063), (14, 0.02450695), (21, 0.012188147), (27, 0.022620603), (39, 0.021970049), (48, 0.03535558), (49, 0.11668914)]
[(0, 0.022771211), (1, 0.012978691), (4, 0.02848924), (21, 0.054550763), (22, 0.053756986), (30, 0.041160505), (35, 0.08888736), (37, 0.12840739), (39, 0.07162764), (47, 0.33124572), (48, 0.06717899), (49, 0.06944139)]
[(0, 0.12057701), (1, 0.025779614), (4, 0.016782688), (11, 0.06308544), (14, 0.21363814), (21, 0.045499783), (23, 0.339872), (30, 0.059681248), (39, 0.010774728), (47, 0.010183411), (48, 0.026075222), (49, 0.048598327)]
[(0, 0.044288956), (4, 0.049253758), (7, 0.04839662), (21, 0.017375229), (22, 0.07584695), (25, 0.43836012), (30, 0.031897202), (35, 0.045676015), (39, 0.017687641), (47, 0.081226796), (48, 0.05249554), (49, 0.086256996)]
[(0, 0.12596904), (2, 0.016859509), (5, 0.017332831), (11, 0.03256008), (13, 0.05757001), (21, 0.06252241), (23, 0.58216333), (49, 0.030462526)]
[(0, 0.016995221), (3, 0.061907828), (4, 0.08511183), (7, 0.03293365), (8, 0.010368319), (9, 0.017761674), (21, 0.044783853), (22, 0.27330077), (25, 0.012622254), (27, 0.012656618), (30, 0.018429965), (35, 0.015465336), (47, 0.024924349), (48, 0.11897543), (49, 0.22751099)]
[(0, 0.023901392), (4, 0.042966146), (5, 0.067732945), (7, 0.019991111), (8, 0.12590188), (9, 0.0794106), (14, 0.029652119), (21, 0.050705813), (22, 0.1982566), (35, 0.022458276), (45, 0.092244625), (47, 0.11396368), (48, 0.039609957), (49, 0.07582454)]
[(0, 0.12336202), (13, 0.059020728), (14, 0.028420327), (21, 0.08406384), (23, 0.50348336), (30, 0.0627495), (36, 0.010063561), (39, 0.02721842), (48, 0.014049802), (49, 0.047022287)]
[(0, 0.035264127), (4, 0.061113853), (21, 0.07594665), (22, 0.07754417), (25, 0.01570711), (30, 0.050826166), (35, 0.05693657), (37, 0.02434335), (39, 0.19586015), (47, 0.19321504), (48, 0.09690443), (49, 0.08858986)]
[(0, 0.07011666), (3, 0.17849371), (7, 0.16914904), (8, 0.019373756), (9, 0.021789167), (14, 0.0111526), (21, 0.15811102), (27, 0.07858635), (30, 0.031480793), (35, 0.011461547), (47, 0.024523318), (48, 0.026025696), (49, 0.15265785)]
[(0, 0.14092615), (1, 0.09435552), (4, 0.045526523), (9, 0.010850039), (14, 0.31678513), (21, 0.01571019), (22, 0.03195171), (27, 0.08436518), (39, 0.04307359), (47, 0.030342275), (48, 0.09612053), (49, 0.070616014)]
[(0, 0.02260882), (1, 0.012130102), (4, 0.023904657), (21, 0.051188204), (22, 0.043622214), (30, 0.055969305), (35, 0.09590362), (37, 0.16385679), (39, 0.043219645), (47, 0.34118715), (48, 0.053630974), (49, 0.06744192)]
[(0, 0.11456111), (2, 0.028383978), (5, 0.025468063), (7, 0.019712113), (8, 0.07690761), (11, 0.01094862), (21, 0.015581521), (23, 0.11343552), (36, 0.3773568), (47, 0.018849751), (48, 0.015587717), (49, 0.14121865)]
[(0, 0.072077185), (2, 0.01243877), (7, 0.032448534), (11, 0.023556909), (13, 0.039260413), (14, 0.010127133), (21, 0.1572956), (23, 0.39183176), (30, 0.04650589), (36, 0.085853904), (47, 0.018964289), (48, 0.012112877), (49, 0.062685326)]
[(0, 0.010903236), (4, 0.63217354), (8, 0.04417695), (21, 0.027285552), (22, 0.054491766), (25, 0.043434), (30, 0.028734166), (39, 0.015724333), (47, 0.037538644), (49, 0.07139049)]
[(0, 0.054876816), (4, 0.054623395), (7, 0.1139173), (8, 0.02754267), (9, 0.12351955), (18, 0.07156708), (21, 0.046769038), (22, 0.1748116), (30, 0.042266067), (47, 0.03631522), (48, 0.048006438), (49, 0.17612146)]
[(0, 0.09984269), (4, 0.021895036), (5, 0.03313573), (7, 0.15882659), (8, 0.2165342), (14, 0.03474604), (21, 0.08501303), (22, 0.012681577), (25, 0.014960693), (30, 0.097575285), (35, 0.012235542), (45, 0.061059073), (47, 0.014382512), (48, 0.02022294), (49, 0.08325963)]
[(0, 0.05271007), (4, 0.04973385), (5, 0.017351959), (7, 0.019602029), (9, 0.1375404), (18, 0.015267278), (21, 0.03557209), (22, 0.12680478), (30, 0.048740584), (35, 0.01664821), (39, 0.21583267), (45, 0.15305544), (48, 0.055994377), (49, 0.030825263)]
[(0, 0.053557947), (4, 0.15787308), (5, 0.01122968), (7, 0.020159375), (8, 0.030255588), (9, 0.042872034), (21, 0.02458392), (22, 0.114081725), (30, 0.05349121), (35, 0.04042741), (39, 0.07001574), (47, 0.049867533), (48, 0.237089), (49, 0.08103711)]
[(0, 0.106801055), (1, 0.04889231), (4, 0.023241099), (7, 0.08471193), (8, 0.10554821), (14, 0.17892459), (21, 0.15338682), (27, 0.012277504), (35, 0.044341747), (39, 0.023054993), (47, 0.02636858), (48, 0.10053463), (49, 0.056271728)]
[(0, 0.09416502), (4, 0.017333578), (5, 0.023276303), (7, 0.055773653), (8, 0.18709412), (9, 0.015879648), (14, 0.018180609), (21, 0.078099504), (22, 0.051254243), (34, 0.08490528), (35, 0.02046617), (43, 0.04726649), (47, 0.09269318), (48, 0.04578065), (49, 0.14735456)]
[(0, 0.010941035), (4, 0.016240666), (8, 0.18345377), (14, 0.36299735), (21, 0.02203004), (43, 0.04110105), (47, 0.05324419), (48, 0.1894112), (49, 0.07887405)]
[(0, 0.09612035), (8, 0.028563552), (9, 0.02077703), (11, 0.1901972), (13, 0.039945085), (14, 0.032954942), (21, 0.046645425), (23, 0.35646215), (30, 0.04770581), (47, 0.014025687), (48, 0.026794141), (49, 0.0638795)]
[(0, 0.096085444), (6, 0.041999437), (7, 0.49516216), (8, 0.14601988), (14, 0.020272974), (21, 0.017053485), (27, 0.011813404), (30, 0.021932824), (39, 0.011098802), (47, 0.019872978), (48, 0.01824805), (49, 0.08767627)]
[(0, 0.05093588), (1, 0.028070243), (4, 0.030495219), (5, 0.042053226), (6, 0.04150971), (7, 0.04265795), (8, 0.02380849), (9, 0.010101356), (14, 0.045086883), (21, 0.011785797), (22, 0.1310763), (27, 0.043923482), (34, 0.0378281), (35, 0.010211733), (39, 0.012166503), (47, 0.03414789), (48, 0.33210617), (49, 0.06726926)]
[(0, 0.105140775), (2, 0.017838597), (11, 0.1778032), (13, 0.07822903), (14, 0.012147304), (21, 0.06790342), (23, 0.3408592), (30, 0.07374869), (48, 0.016309697), (49, 0.06763735)]
[(0, 0.057697624), (5, 0.23973683), (7, 0.36982134), (8, 0.12726617), (14, 0.015018375), (21, 0.0188573), (27, 0.020243866), (37, 0.010592272), (39, 0.014519403), (48, 0.01878405), (49, 0.07454242)]
[(0, 0.068759084), (4, 0.017905783), (5, 0.22707085), (6, 0.10895647), (7, 0.068447515), (8, 0.2441295), (9, 0.016116139), (15, 0.04538997), (27, 0.07284042), (35, 0.010001645), (39, 0.012471236), (48, 0.027477538), (49, 0.059768014)]
[(0, 0.04838192), (3, 0.1391014), (4, 0.03449341), (7, 0.26558152), (21, 0.077916384), (22, 0.09546219), (30, 0.099914454), (35, 0.011779687), (39, 0.02631368), (47, 0.05341471), (48, 0.015404836), (49, 0.122497745)]
[(0, 0.034178052), (4, 0.13099907), (7, 0.012283851), (8, 0.06771022), (9, 0.01156034), (14, 0.054702528), (21, 0.042038817), (22, 0.029194178), (32, 0.15328328), (34, 0.010338721), (39, 0.012080739), (43, 0.105826095), (47, 0.03335575), (48, 0.08144921), (49, 0.20195022)]
[(1, 0.014659059), (4, 0.0430357), (5, 0.042230606), (8, 0.061594922), (9, 0.015974369), (14, 0.02490537), (21, 0.058263246), (22, 0.07388125), (34, 0.021085722), (48, 0.082366906), (49, 0.5209606)]
[(0, 0.086964786), (4, 0.011233212), (11, 0.052596554), (14, 0.16248702), (21, 0.05380136), (23, 0.42913657), (30, 0.017960206), (48, 0.022048412), (49, 0.12932289)]
[(0, 0.037154663), (3, 0.071441524), (4, 0.012137304), (7, 0.4605513), (14, 0.011198749), (21, 0.105996765), (22, 0.026473794), (30, 0.09012264), (48, 0.020624897), (49, 0.13320574)]
[(0, 0.019757159), (3, 0.050486606), (4, 0.025772538), (5, 0.10020378), (14, 0.017736709), (22, 0.17906415), (27, 0.07225992), (39, 0.0271729), (47, 0.017253986), (48, 0.40815178), (49, 0.055181548)]
[(0, 0.088269755), (2, 0.029948188), (4, 0.043318737), (7, 0.057418536), (8, 0.15424308), (13, 0.040192634), (14, 0.056052666), (21, 0.033099722), (22, 0.062055502), (31, 0.030467242), (34, 0.04824315), (36, 0.097218856), (43, 0.027140649), (47, 0.01994406), (48, 0.08136441), (49, 0.09872983)]
[(0, 0.055291705), (2, 0.010539074), (4, 0.047210056), (7, 0.06227129), (8, 0.031709563), (13, 0.011096645), (21, 0.074354656), (22, 0.20165807), (23, 0.22671625), (30, 0.089742646), (31, 0.010639403), (39, 0.010296392), (47, 0.02197125), (48, 0.019095413), (49, 0.10735389)]
[(0, 0.025387427), (4, 0.03015314), (9, 0.15943156), (14, 0.41312128), (22, 0.09297677), (25, 0.05208121), (39, 0.10386031), (47, 0.010575657), (48, 0.05684607), (49, 0.022461785)]
[(0, 0.024951065), (9, 0.023117442), (18, 0.020347161), (21, 0.020553892), (22, 0.19400486), (35, 0.049981017), (39, 0.451278), (45, 0.06982373), (47, 0.01693118), (48, 0.06311671), (49, 0.030667458)]
[(0, 0.046908062), (4, 0.113794945), (7, 0.03310901), (8, 0.11040176), (9, 0.18343669), (21, 0.047427338), (22, 0.16070338), (30, 0.04531859), (35, 0.07746997), (39, 0.015563085), (45, 0.02198942), (47, 0.018151086), (48, 0.036136027), (49, 0.07226876)]
[(0, 0.07670443), (2, 0.011761749), (5, 0.012781144), (11, 0.12007574), (13, 0.054628707), (14, 0.015413983), (21, 0.0966142), (23, 0.49180558), (30, 0.037597578), (48, 0.015712433), (49, 0.027776482)]
[(0, 0.027176065), (4, 0.03966796), (5, 0.02488343), (7, 0.017705673), (8, 0.039632577), (21, 0.04953532), (22, 0.10191356), (43, 0.3628505), (47, 0.021352721), (48, 0.06754747), (49, 0.22433864)]
[(0, 0.06515367), (3, 0.019501854), (4, 0.12126104), (5, 0.035170097), (6, 0.021525726), (7, 0.10858107), (8, 0.027615415), (9, 0.010796207), (21, 0.042099025), (22, 0.09231779), (27, 0.15191016), (30, 0.06544723), (35, 0.045396447), (47, 0.01961356), (48, 0.06437318), (49, 0.08366551)]
[(0, 0.05564132), (4, 0.07774566), (7, 0.010795409), (21, 0.031164233), (22, 0.06310312), (30, 0.089839175), (32, 0.20041354), (35, 0.032241445), (43, 0.07987044), (47, 0.020236121), (48, 0.040109694), (49, 0.23885666)]
[(0, 0.10881302), (2, 0.022790143), (7, 0.1143458), (8, 0.047619), (11, 0.026217094), (13, 0.1737319), (14, 0.03623148), (21, 0.08751071), (23, 0.019846989), (30, 0.065487295), (36, 0.13729069), (48, 0.01118459), (49, 0.109822296)]
[(0, 0.07828795), (4, 0.021057688), (5, 0.032229204), (6, 0.01927671), (7, 0.18057044), (8, 0.023478739), (14, 0.091917746), (21, 0.05898101), (27, 0.015413914), (34, 0.108904816), (37, 0.090145305), (39, 0.032574583), (47, 0.017077139), (48, 0.05654963), (49, 0.14836925)]
[(0, 0.09441008), (7, 0.013251683), (8, 0.016232662), (13, 0.028310865), (21, 0.09760652), (23, 0.57983804), (48, 0.014658706), (49, 0.09380923)]
[(0, 0.048078652), (4, 0.04711949), (7, 0.011351694), (14, 0.022706106), (21, 0.083878), (25, 0.32452434), (30, 0.014155081), (35, 0.04179225), (39, 0.048795935), (47, 0.11339546), (48, 0.103608325), (49, 0.11118715)]
[(0, 0.05245208), (1, 0.010911733), (7, 0.028562477), (13, 0.017018335), (14, 0.4511701), (21, 0.013766324), (23, 0.025313726), (35, 0.030126859), (36, 0.021742802), (45, 0.017201183), (48, 0.017875174), (49, 0.24773577)]
[(0, 0.050174277), (14, 0.026633784), (22, 0.135335), (25, 0.0119832475), (30, 0.04899777), (39, 0.6034308), (45, 0.01604214), (47, 0.04328162), (49, 0.02724308)]
[(0, 0.12637623), (2, 0.0125698075), (4, 0.026336815), (7, 0.013551576), (9, 0.019363467), (11, 0.023919657), (13, 0.06850073), (21, 0.057002194), (23, 0.5047496), (30, 0.054234017), (48, 0.01329799), (49, 0.04500887)]
[(0, 0.051167674), (4, 0.06759204), (7, 0.012203314), (8, 0.011584485), (14, 0.017278949), (21, 0.020091407), (22, 0.11503731), (25, 0.14275958), (30, 0.040123), (35, 0.010245578), (37, 0.09037937), (39, 0.053021606), (47, 0.1795942), (48, 0.047143187), (49, 0.12822807)]
[(0, 0.042046685), (1, 0.018366896), (4, 0.028615767), (5, 0.028421657), (7, 0.018784054), (9, 0.15694846), (14, 0.029108481), (21, 0.048347928), (22, 0.14748803), (30, 0.017570341), (35, 0.06811016), (45, 0.058992326), (47, 0.036685754), (48, 0.20685224), (49, 0.061475627)]
[(0, 0.047093105), (4, 0.06572513), (7, 0.021206975), (8, 0.02415182), (9, 0.012572699), (14, 0.022622501), (21, 0.04209538), (22, 0.26231483), (30, 0.041006632), (34, 0.04591689), (43, 0.17387836), (47, 0.029679885), (48, 0.05597476), (49, 0.13210915)]
[(0, 0.027221978), (4, 0.033102088), (8, 0.149446), (9, 0.047308054), (22, 0.20804612), (31, 0.030172568), (35, 0.23248158), (43, 0.013019705), (47, 0.029726246), (48, 0.11836868), (49, 0.07080882)]
[(0, 0.0807283), (2, 0.02578733), (7, 0.016907109), (11, 0.043367352), (13, 0.07783226), (14, 0.012399787), (21, 0.09844785), (23, 0.45767325), (30, 0.04925782), (31, 0.019799864), (47, 0.013388473), (48, 0.018631889), (49, 0.062524304)]
[(0, 0.17152025), (5, 0.17509046), (7, 0.12652399), (8, 0.30279604), (11, 0.011953839), (14, 0.014857248), (21, 0.01702111), (27, 0.01321313), (47, 0.01496509), (48, 0.016865136), (49, 0.11393617)]
[(0, 0.09186514), (5, 0.023575418), (7, 0.052084103), (8, 0.037597176), (11, 0.14230338), (14, 0.031013565), (21, 0.087713756), (23, 0.23573284), (31, 0.06347627), (36, 0.031513717), (48, 0.026942352), (49, 0.14274646)]
[(0, 0.09989479), (2, 0.011837227), (7, 0.013568501), (11, 0.12658021), (13, 0.040805425), (21, 0.07808667), (23, 0.4461187), (30, 0.06908412), (48, 0.01086005), (49, 0.07124864)]
[(0, 0.090542115), (4, 0.014827205), (5, 0.03242214), (6, 0.03208444), (7, 0.22863084), (8, 0.25211403), (9, 0.032384656), (22, 0.02086923), (27, 0.0806945), (39, 0.011219438), (47, 0.03780987), (48, 0.042786308), (49, 0.099058434)]
[(0, 0.11070883), (5, 0.013379409), (8, 0.03134312), (11, 0.048880164), (14, 0.06115566), (21, 0.09813685), (23, 0.4010106), (31, 0.034547914), (36, 0.022525415), (39, 0.020301426), (47, 0.034182806), (48, 0.02396466), (49, 0.044640467)]
[(0, 0.1530139), (1, 0.013568939), (4, 0.06360089), (7, 0.048422337), (8, 0.042056), (9, 0.09258838), (14, 0.013905925), (21, 0.014068363), (22, 0.095010825), (30, 0.03306215), (35, 0.12731433), (39, 0.025285004), (45, 0.04416814), (47, 0.043443676), (48, 0.08137477), (49, 0.09574363)]
[(0, 0.10807255), (5, 0.025058856), (7, 0.060590677), (8, 0.09780517), (11, 0.14249747), (13, 0.022539238), (14, 0.025363022), (18, 0.011278322), (21, 0.21672606), (30, 0.02621656), (31, 0.0785061), (35, 0.020397406), (36, 0.012042533), (39, 0.01516489), (48, 0.027546972), (49, 0.08491378)]
[(0, 0.06773516), (6, 0.029516667), (7, 0.42532352), (8, 0.13903862), (21, 0.12548707), (30, 0.020671263), (47, 0.023062704), (48, 0.018590486), (49, 0.117435955)]
[(0, 0.07604043), (7, 0.019663466), (11, 0.16850442), (13, 0.057016645), (14, 0.017268566), (21, 0.14177257), (23, 0.39199087), (30, 0.036356535), (49, 0.041795492)]
[(0, 0.11952473), (11, 0.0976215), (13, 0.050174244), (14, 0.023555445), (21, 0.14559466), (23, 0.3803671), (30, 0.014969525), (31, 0.011820735), (35, 0.010487026), (47, 0.019480087), (48, 0.03445873), (49, 0.049398776)]
[(0, 0.030338302), (1, 0.17505342), (4, 0.015502232), (7, 0.0543767), (8, 0.028041486), (9, 0.017914921), (13, 0.010972399), (21, 0.013287322), (22, 0.010182192), (35, 0.111248754), (39, 0.019096779), (45, 0.059706565), (47, 0.14393874), (48, 0.17928351), (49, 0.09752025)]
[(0, 0.062282383), (4, 0.08145405), (8, 0.037141524), (14, 0.010451457), (21, 0.06626542), (22, 0.04835939), (25, 0.38724542), (30, 0.028066834), (35, 0.014111947), (39, 0.02288391), (47, 0.036057085), (48, 0.103531726), (49, 0.08005773)]
[(0, 0.031455114), (4, 0.020373913), (9, 0.1552387), (14, 0.411285), (21, 0.026155746), (22, 0.014949192), (34, 0.011469763), (35, 0.018186238), (48, 0.2012409), (49, 0.075707644)]
[(0, 0.02153277), (7, 0.015850717), (9, 0.022301488), (21, 0.024130294), (22, 0.22342195), (30, 0.012780925), (39, 0.5007258), (45, 0.07295355), (47, 0.016590843), (48, 0.027250584), (49, 0.035620898)]
[(0, 0.110079736), (2, 0.020699428), (5, 0.019966297), (7, 0.017507356), (13, 0.11574315), (14, 0.011742596), (21, 0.11043495), (22, 0.011676386), (23, 0.42819303), (30, 0.033920497), (31, 0.011867119), (47, 0.015784318), (48, 0.013496142), (49, 0.042727154)]
[(0, 0.07752834), (3, 0.08321357), (4, 0.010181859), (7, 0.082371436), (8, 0.15119751), (14, 0.030170044), (21, 0.034734614), (22, 0.010572394), (34, 0.081871375), (43, 0.073725894), (47, 0.05293924), (48, 0.10887936), (49, 0.17708875)]
[(0, 0.083377674), (5, 0.013173096), (11, 0.11335082), (13, 0.06254956), (21, 0.06095918), (23, 0.51484627), (30, 0.03778889), (49, 0.060599394)]
[(0, 0.030439466), (4, 0.03820911), (7, 0.023114981), (21, 0.12167628), (22, 0.060922), (25, 0.052704755), (30, 0.066596724), (35, 0.053166073), (37, 0.01641117), (39, 0.058044814), (47, 0.2639384), (48, 0.08384523), (49, 0.11084839)]
[(0, 0.122633055), (5, 0.17384459), (7, 0.0199422), (8, 0.20008041), (9, 0.052551135), (11, 0.03100063), (21, 0.027493192), (23, 0.013946808), (31, 0.14491673), (45, 0.013869394), (47, 0.021667318), (48, 0.045971118), (49, 0.09459349)]
[(0, 0.09139516), (3, 0.015313195), (4, 0.01627929), (7, 0.29999307), (8, 0.09244553), (9, 0.015274096), (14, 0.027966686), (21, 0.08374685), (22, 0.039902866), (30, 0.09638426), (37, 0.014178122), (47, 0.02444025), (48, 0.014992629), (49, 0.13509406)]
[(0, 0.046108373), (1, 0.012032058), (4, 0.011450404), (5, 0.08535643), (7, 0.014905185), (8, 0.20560633), (14, 0.017805737), (22, 0.020916816), (27, 0.03823704), (34, 0.0120713245), (35, 0.036229845), (39, 0.0115008345), (43, 0.047689863), (47, 0.06460435), (48, 0.20498765), (49, 0.14052922)]
[(0, 0.11798744), (1, 0.01091386), (2, 0.11301025), (4, 0.016720803), (7, 0.0428611), (8, 0.116278924), (11, 0.010923169), (14, 0.023309812), (21, 0.04637077), (23, 0.034642946), (31, 0.037325516), (36, 0.26651767), (47, 0.021389158), (48, 0.022419158), (49, 0.083373636)]
[(0, 0.05309069), (4, 0.016303517), (5, 0.16351469), (8, 0.16853411), (9, 0.22288893), (14, 0.044157702), (22, 0.06586159), (35, 0.042089704), (47, 0.029053997), (48, 0.06529771), (49, 0.10191316)]
[(0, 0.13733062), (2, 0.05660266), (5, 0.024810333), (7, 0.058829505), (8, 0.058834683), (11, 0.010580762), (14, 0.018178552), (21, 0.13416892), (23, 0.04424704), (31, 0.020458609), (36, 0.2737372), (47, 0.013755097), (48, 0.031599898), (49, 0.09099686)]
[(0, 0.09975085), (4, 0.09734842), (7, 0.0153987575), (8, 0.051781695), (9, 0.012060908), (14, 0.026383422), (22, 0.08261196), (30, 0.025644965), (32, 0.13987552), (35, 0.034462593), (39, 0.03341996), (43, 0.097982764), (47, 0.045211494), (48, 0.07996411), (49, 0.13279168)]
[(4, 0.05448058), (9, 0.25579593), (21, 0.05067986), (22, 0.19456911), (30, 0.03657791), (35, 0.12193139), (45, 0.012885478), (48, 0.04976083), (49, 0.17780143)]
[(0, 0.033300683), (4, 0.10684602), (5, 0.10508423), (7, 0.13920675), (8, 0.23436423), (14, 0.014304184), (27, 0.11825675), (34, 0.011302886), (35, 0.011012301), (39, 0.017272428), (47, 0.045326754), (48, 0.04482228), (49, 0.087267704)]
[(0, 0.15271527), (5, 0.036328588), (7, 0.011453305), (14, 0.21394521), (21, 0.015098207), (39, 0.15269248), (45, 0.04138581), (47, 0.22049429), (48, 0.08384615), (49, 0.038792565)]
[(0, 0.061581723), (4, 0.02902443), (5, 0.012914626), (7, 0.024131805), (13, 0.025635405), (21, 0.022555342), (25, 0.351796), (30, 0.059702754), (35, 0.044347685), (39, 0.06574074), (47, 0.07010632), (48, 0.0996158), (49, 0.11677315)]
[(0, 0.066433586), (3, 0.034512833), (4, 0.15251172), (7, 0.08927065), (8, 0.035263196), (13, 0.030671744), (14, 0.031019256), (21, 0.06836741), (25, 0.041210026), (34, 0.019944457), (37, 0.09378093), (47, 0.061689906), (48, 0.021660132), (49, 0.23377885)]
[(0, 0.09660559), (4, 0.013628903), (5, 0.03888222), (6, 0.107261404), (7, 0.1775108), (8, 0.2242062), (22, 0.03604119), (25, 0.01303033), (27, 0.055634025), (47, 0.018513931), (48, 0.022832114), (49, 0.14458084)]
[(0, 0.057556037), (3, 0.11582172), (7, 0.30977565), (14, 0.04324946), (21, 0.12632017), (27, 0.023519054), (30, 0.062999874), (37, 0.01947317), (39, 0.010002304), (47, 0.048920337), (48, 0.026461244), (49, 0.11630652)]
[(0, 0.061997972), (3, 0.027884478), (4, 0.016670559), (5, 0.026429031), (6, 0.046753775), (7, 0.14956033), (8, 0.06562626), (14, 0.02072184), (21, 0.05456857), (22, 0.08467991), (27, 0.019595416), (30, 0.013458067), (35, 0.02041148), (39, 0.023590524), (47, 0.14751898), (48, 0.052890565), (49, 0.16245863)]
[(0, 0.12958945), (2, 0.031880736), (11, 0.03700547), (13, 0.055218395), (21, 0.04760615), (23, 0.4605696), (30, 0.089925535), (47, 0.012274991), (48, 0.022042869), (49, 0.07129516)]
[(0, 0.118059605), (2, 0.05317392), (7, 0.020581745), (8, 0.052947965), (13, 0.012683758), (14, 0.013040241), (21, 0.070309915), (23, 0.07623504), (30, 0.018301895), (36, 0.3782126), (47, 0.016283952), (48, 0.053147305), (49, 0.0828527)]
[(0, 0.038741548), (14, 0.09839191), (22, 0.09122594), (30, 0.068287335), (39, 0.48965973), (45, 0.14543465), (47, 0.01721595), (48, 0.02152267), (49, 0.0143984575)]
[(0, 0.03253381), (1, 0.018386023), (14, 0.13832743), (21, 0.028385116), (22, 0.48788488), (25, 0.067245625), (30, 0.017694559), (35, 0.017928863), (47, 0.0146829), (48, 0.10050561), (49, 0.039996486)]
[(0, 0.13335678), (4, 0.013705714), (5, 0.0100388955), (7, 0.14691502), (8, 0.06413464), (11, 0.018393273), (12, 0.13496768), (13, 0.017173594), (21, 0.069390796), (23, 0.021762788), (30, 0.028439812), (35, 0.010574204), (47, 0.015926361), (48, 0.06396489), (49, 0.21177244)]
[(0, 0.04532747), (4, 0.05224588), (7, 0.010387094), (12, 0.27597556), (13, 0.010420486), (21, 0.015893314), (22, 0.11978942), (30, 0.022867154), (35, 0.05844504), (39, 0.027747089), (47, 0.016272437), (48, 0.08514915), (49, 0.22644469)]
[(0, 0.018817432), (4, 0.075978056), (7, 0.022599852), (8, 0.124365956), (14, 0.020652305), (21, 0.03131755), (22, 0.13072681), (27, 0.028670426), (30, 0.03125516), (34, 0.01074213), (39, 0.013155551), (43, 0.20760624), (47, 0.043527555), (48, 0.05547802), (49, 0.17206281)]
[(0, 0.1744201), (4, 0.028107854), (7, 0.044384107), (9, 0.013602181), (11, 0.039577056), (13, 0.011795177), (14, 0.21989195), (21, 0.081068404), (30, 0.14203642), (31, 0.05994586), (36, 0.01010344), (39, 0.017002393), (47, 0.015952982), (48, 0.06439293), (49, 0.06790261)]
[(0, 0.0829994), (3, 0.011950379), (4, 0.013693291), (5, 0.033458725), (6, 0.06966602), (7, 0.105122104), (8, 0.042664498), (13, 0.022996152), (14, 0.02018016), (21, 0.06293111), (27, 0.064449824), (34, 0.040455624), (39, 0.014935549), (47, 0.046848126), (48, 0.19129905), (49, 0.13958026)]
[(0, 0.08503782), (5, 0.03464932), (11, 0.020587433), (13, 0.032456312), (14, 0.010806266), (21, 0.13680388), (23, 0.4726047), (30, 0.03638848), (31, 0.010163624), (39, 0.011548654), (47, 0.017433466), (48, 0.044508196), (49, 0.04045965)]
[(0, 0.09614263), (2, 0.025527084), (5, 0.010298219), (7, 0.012354074), (8, 0.014152019), (11, 0.020716565), (13, 0.14946476), (14, 0.017440302), (21, 0.06346058), (23, 0.38403434), (30, 0.0593731), (36, 0.013279341), (47, 0.012908697), (48, 0.020547919), (49, 0.06242952)]
[(0, 0.15386601), (2, 0.06890762), (4, 0.011210565), (5, 0.017592985), (7, 0.030657247), (11, 0.02228021), (13, 0.081677385), (14, 0.010925305), (21, 0.14040302), (23, 0.08442416), (30, 0.08177474), (31, 0.07306286), (36, 0.1358233), (48, 0.016911862), (49, 0.05064625)]
[(0, 0.11309515), (2, 0.021382706), (5, 0.0153816175), (7, 0.018880626), (13, 0.12402461), (21, 0.09527403), (23, 0.4424941), (30, 0.03521268), (31, 0.012707565), (47, 0.016263152), (48, 0.01297318), (49, 0.04453723)]
[(4, 0.013970903), (14, 0.28514278), (22, 0.2759622), (35, 0.013163934), (47, 0.22879001), (48, 0.017301138), (49, 0.13447456)]
[(0, 0.111129895), (3, 0.058842085), (4, 0.029524341), (6, 0.010828946), (7, 0.06270126), (8, 0.22355856), (9, 0.012091911), (14, 0.016632345), (21, 0.027595894), (22, 0.022158975), (27, 0.18197154), (48, 0.054683268), (49, 0.13329414)]
[(0, 0.11851325), (2, 0.07039589), (4, 0.040590256), (7, 0.017533647), (8, 0.08632811), (9, 0.022261314), (11, 0.012453531), (13, 0.044547047), (21, 0.061965223), (22, 0.09659295), (23, 0.14170688), (30, 0.0638399), (31, 0.015395786), (35, 0.014246031), (36, 0.028797273), (39, 0.013162521), (47, 0.013702314), (48, 0.04699871), (49, 0.07138177)]
[(0, 0.035537686), (3, 0.016925145), (4, 0.11251531), (7, 0.035476793), (8, 0.052598227), (9, 0.010737773), (14, 0.018838301), (21, 0.02643167), (27, 0.016090479), (34, 0.030376673), (43, 0.3644146), (47, 0.045207705), (48, 0.03248693), (49, 0.17935888)]
[(0, 0.049066182), (4, 0.056376833), (5, 0.014648351), (7, 0.018685363), (14, 0.011035253), (21, 0.04302597), (22, 0.07942082), (30, 0.054521505), (32, 0.010441029), (34, 0.016880337), (35, 0.012225514), (39, 0.025862616), (43, 0.36777383), (47, 0.038033117), (48, 0.038648), (49, 0.13446255)]
[(0, 0.04423961), (5, 0.23032758), (7, 0.30308974), (8, 0.05675076), (14, 0.01556877), (21, 0.04776064), (27, 0.01240583), (34, 0.010879526), (39, 0.03546693), (47, 0.038270567), (48, 0.044308092), (49, 0.1282781)]
[(0, 0.09614237), (2, 0.01600998), (4, 0.012131745), (13, 0.04533269), (21, 0.099853024), (23, 0.5117955), (30, 0.0867068), (39, 0.012820819), (48, 0.025802225), (49, 0.05382362)]
[(0, 0.09634808), (3, 0.014671246), (7, 0.48680836), (8, 0.09814491), (21, 0.06938982), (30, 0.06456343), (35, 0.010334114), (48, 0.012825391), (49, 0.10210709)]
[(0, 0.09221126), (3, 0.029021887), (6, 0.032718934), (7, 0.20049377), (8, 0.025941089), (14, 0.024346365), (21, 0.19447067), (37, 0.11611239), (39, 0.01223602), (47, 0.061796565), (48, 0.01941207), (49, 0.15397482)]
[(0, 0.11410308), (3, 0.05865895), (4, 0.029601958), (7, 0.061635513), (8, 0.22241311), (9, 0.012147984), (14, 0.019948276), (21, 0.026579676), (22, 0.022033947), (27, 0.18171339), (48, 0.054150358), (49, 0.13242559)]
[(0, 0.13216029), (2, 0.09167831), (4, 0.010433665), (7, 0.085280746), (11, 0.012170381), (13, 0.09060572), (14, 0.018641494), (21, 0.06353718), (22, 0.01420706), (30, 0.08884828), (31, 0.15898252), (36, 0.07251782), (39, 0.015280187), (48, 0.025622934), (49, 0.09930309)]
[(0, 0.01381749), (4, 0.049787182), (5, 0.011033547), (7, 0.021911709), (8, 0.04386154), (9, 0.049266778), (21, 0.022478329), (22, 0.18029524), (25, 0.0827078), (35, 0.1299862), (37, 0.014575999), (43, 0.016757647), (47, 0.058087796), (48, 0.19789281), (49, 0.08917731)]
[(0, 0.0326809), (4, 0.064755954), (5, 0.11553859), (6, 0.011137745), (7, 0.013568263), (8, 0.16676685), (9, 0.08862097), (14, 0.041379225), (22, 0.07018159), (27, 0.14140278), (34, 0.017285204), (35, 0.05908811), (47, 0.026827317), (48, 0.0698099), (49, 0.061409805)]
[(0, 0.03639282), (3, 0.17339079), (5, 0.03441227), (7, 0.26509356), (8, 0.028098494), (21, 0.02874554), (27, 0.019301781), (30, 0.08822032), (35, 0.013621446), (39, 0.016098175), (47, 0.023193125), (49, 0.23876397)]
[(0, 0.055451684), (3, 0.037098076), (4, 0.032882974), (5, 0.015771713), (7, 0.033359252), (8, 0.10059391), (14, 0.024901215), (21, 0.02104645), (27, 0.35702315), (34, 0.011113257), (35, 0.01987645), (39, 0.021729765), (47, 0.03298666), (48, 0.08002527), (49, 0.133589)]
[(0, 0.04128338), (4, 0.068538964), (7, 0.04367177), (8, 0.042265583), (9, 0.16420521), (21, 0.04662125), (22, 0.16294058), (30, 0.06713822), (31, 0.06689921), (35, 0.14125597), (45, 0.01208442), (48, 0.027401118), (49, 0.08465104)]
[(0, 0.060526397), (4, 0.031460542), (7, 0.07495578), (9, 0.10063037), (14, 0.30936602), (21, 0.01875839), (22, 0.053353947), (45, 0.11937756), (47, 0.039787907), (48, 0.08725031), (49, 0.08585624)]
[(0, 0.033710577), (4, 0.02612846), (9, 0.017431805), (14, 0.05858391), (21, 0.04246372), (22, 0.10494594), (35, 0.11035884), (45, 0.3387445), (47, 0.07784232), (48, 0.115568094), (49, 0.051437203)]
[(0, 0.036925197), (4, 0.046735235), (7, 0.022878142), (8, 0.0177451), (14, 0.0120846005), (21, 0.05420168), (22, 0.106846064), (30, 0.052714914), (34, 0.04452023), (35, 0.020612493), (43, 0.30543163), (47, 0.015748931), (48, 0.039622005), (49, 0.20071737)]
[(0, 0.10530998), (7, 0.010594128), (11, 0.18148334), (13, 0.061838496), (14, 0.02838322), (21, 0.09346641), (23, 0.33895463), (30, 0.058436763), (48, 0.016841834), (49, 0.05688804)]
[(0, 0.06174456), (3, 0.010611874), (4, 0.028329354), (7, 0.28743348), (8, 0.08695952), (13, 0.028175827), (21, 0.11820575), (22, 0.022853943), (30, 0.118282385), (34, 0.025240654), (39, 0.010209042), (48, 0.027677005), (49, 0.12586817)]
[(0, 0.12778813), (5, 0.025452787), (7, 0.09644911), (8, 0.088169456), (9, 0.017426146), (11, 0.11911339), (13, 0.01140214), (14, 0.04506595), (18, 0.013822174), (21, 0.052691475), (23, 0.010540286), (31, 0.14063475), (36, 0.010117508), (45, 0.014342256), (47, 0.012828333), (48, 0.028968332), (49, 0.1603164)]
[(0, 0.065269835), (3, 0.030574955), (4, 0.028350359), (7, 0.27023047), (8, 0.011641321), (21, 0.03678391), (22, 0.012049275), (30, 0.1833958), (34, 0.07374944), (35, 0.019330364), (43, 0.010028686), (47, 0.08693896), (48, 0.026476558), (49, 0.093436345)]
[(0, 0.027375247), (1, 0.010480348), (2, 0.119679146), (3, 0.012016599), (7, 0.29019508), (13, 0.011556469), (14, 0.011980535), (21, 0.109412216), (22, 0.07818684), (30, 0.059999827), (34, 0.02031848), (47, 0.06509232), (48, 0.048936803), (49, 0.11046611)]
[(0, 0.03471272), (4, 0.3250936), (5, 0.021718262), (7, 0.010365815), (8, 0.08408812), (21, 0.021370059), (22, 0.040794186), (25, 0.027409617), (27, 0.012460363), (34, 0.014496738), (39, 0.014657705), (43, 0.03459545), (48, 0.2456959), (49, 0.062375683)]
[(0, 0.10327495), (2, 0.012342972), (13, 0.12191763), (14, 0.016912704), (21, 0.10399028), (23, 0.4042062), (30, 0.03236902), (31, 0.09199831), (39, 0.014751505), (47, 0.012171995), (48, 0.021177465), (49, 0.039187305)]
[(0, 0.09035049), (7, 0.030125964), (8, 0.028580714), (11, 0.06465928), (14, 0.011191496), (21, 0.08265085), (23, 0.396889), (30, 0.03544522), (31, 0.012692962), (35, 0.0118132), (36, 0.0752864), (39, 0.021629075), (47, 0.011543732), (48, 0.036918405), (49, 0.07074631)]
[(0, 0.06022107), (2, 0.29850274), (4, 0.06430555), (5, 0.016345639), (7, 0.03198159), (9, 0.023516558), (13, 0.013004316), (21, 0.019141765), (22, 0.13784887), (30, 0.035196118), (35, 0.020367924), (47, 0.026605977), (48, 0.09363854), (49, 0.1274415)]
[(0, 0.040367875), (4, 0.36226627), (7, 0.021039005), (22, 0.014208996), (30, 0.05249682), (43, 0.16200615), (45, 0.016675055), (47, 0.017049644), (48, 0.22975594), (49, 0.04165948)]
[(0, 0.095756166), (3, 0.01453359), (4, 0.055415966), (5, 0.010779167), (7, 0.035225596), (8, 0.011966052), (14, 0.020056449), (22, 0.021759395), (30, 0.1466496), (34, 0.031539187), (43, 0.3139045), (47, 0.027581267), (48, 0.024597216), (49, 0.1457102)]
[(0, 0.11754384), (4, 0.03410287), (7, 0.010693445), (8, 0.010995636), (9, 0.011274365), (11, 0.026359571), (21, 0.013760266), (22, 0.043758247), (30, 0.023966767), (35, 0.2592517), (45, 0.26511315), (48, 0.030301584), (49, 0.12348843)]
[(0, 0.11040755), (5, 0.015350445), (13, 0.029566154), (14, 0.030374736), (21, 0.109487034), (23, 0.6003208), (30, 0.026295453), (39, 0.010356777), (49, 0.023613296)]
[(0, 0.043550096), (1, 0.027934076), (4, 0.048181903), (7, 0.029319122), (8, 0.015633423), (9, 0.066679806), (14, 0.35066646), (21, 0.033858255), (22, 0.022695132), (35, 0.014464804), (39, 0.015086307), (47, 0.0553084), (48, 0.060925666), (49, 0.15321532)]
[(0, 0.010657738), (2, 0.01042978), (3, 0.0108957635), (4, 0.044406373), (7, 0.18501337), (8, 0.022482429), (21, 0.043634217), (22, 0.28285107), (30, 0.066128135), (35, 0.08389702), (43, 0.022197783), (47, 0.01760648), (48, 0.053028435), (49, 0.115172334)]
[(0, 0.025059996), (2, 0.2182967), (4, 0.08755577), (5, 0.036875654), (6, 0.025923826), (8, 0.011998555), (9, 0.0118616), (14, 0.07840114), (21, 0.040103305), (22, 0.07947726), (31, 0.014570713), (39, 0.01044068), (47, 0.061371516), (48, 0.2121152), (49, 0.06017992)]
[(0, 0.03711843), (4, 0.030218234), (5, 0.108964555), (8, 0.021941815), (25, 0.4566367), (34, 0.015978437), (39, 0.030742645), (47, 0.053732608), (48, 0.14525804), (49, 0.055340283)]
[(0, 0.08636605), (5, 0.02387706), (7, 0.053340107), (8, 0.039533056), (11, 0.13960144), (14, 0.029962067), (21, 0.08430825), (23, 0.24629651), (31, 0.06413928), (36, 0.031460393), (48, 0.025699269), (49, 0.1429435)]
[(0, 0.014271866), (4, 0.04550651), (9, 0.012087032), (14, 0.27097672), (21, 0.076376624), (22, 0.03572745), (25, 0.029648438), (34, 0.026374226), (47, 0.23763849), (48, 0.08518493), (49, 0.106555104)]
[(0, 0.113819726), (11, 0.02411571), (13, 0.029524133), (14, 0.017538087), (21, 0.044306844), (23, 0.5844929), (30, 0.04795411), (47, 0.018437894), (48, 0.017369777), (49, 0.050102443)]
[(0, 0.017923487), (2, 0.12963158), (4, 0.052735593), (5, 0.022721), (7, 0.015455677), (14, 0.0146748405), (21, 0.04548516), (22, 0.19268522), (31, 0.23666109), (47, 0.047560446), (48, 0.096997574), (49, 0.093121186)]
[(0, 0.04540572), (3, 0.09638983), (4, 0.017069774), (5, 0.034489773), (7, 0.12141888), (9, 0.10754505), (14, 0.012877655), (21, 0.10092952), (22, 0.026922198), (30, 0.104365356), (34, 0.051750965), (47, 0.06595933), (48, 0.02011425), (49, 0.184876)]
[(0, 0.12660058), (2, 0.04607336), (5, 0.029399056), (7, 0.053699605), (8, 0.13510527), (13, 0.037180807), (14, 0.022496196), (21, 0.09470701), (36, 0.28526178), (39, 0.01517737), (48, 0.030914027), (49, 0.07209776)]
[(0, 0.078024365), (3, 0.025937812), (4, 0.06184403), (7, 0.19696629), (8, 0.06751457), (9, 0.029771231), (21, 0.027248988), (32, 0.016140163), (34, 0.082826294), (39, 0.022067262), (43, 0.04909287), (47, 0.029988172), (48, 0.02528446), (49, 0.22809634)]
[(0, 0.10002194), (2, 0.029815178), (13, 0.057339456), (14, 0.011630918), (21, 0.11306014), (23, 0.4755739), (30, 0.06730929), (47, 0.01649035), (48, 0.021119444), (49, 0.05969345)]
[(0, 0.073385954), (1, 0.01574911), (8, 0.02633761), (9, 0.014250072), (11, 0.1322524), (14, 0.38264963), (22, 0.013609976), (35, 0.021410026), (39, 0.013921797), (45, 0.14689551), (47, 0.030321727), (49, 0.084140085)]
[(0, 0.092207946), (13, 0.053707395), (14, 0.063213), (21, 0.019867353), (23, 0.5566061), (30, 0.052243434), (36, 0.04440922), (47, 0.015314994), (48, 0.018171243), (49, 0.039198995)]
[(0, 0.123857334), (7, 0.013716063), (13, 0.012996056), (14, 0.027875062), (21, 0.01773209), (23, 0.56105214), (30, 0.09755866), (36, 0.042714786), (47, 0.010164381), (48, 0.018634772), (49, 0.05450036)]
[(4, 0.032845266), (5, 0.010893432), (7, 0.013647859), (8, 0.1455858), (9, 0.20175266), (21, 0.010778263), (22, 0.19297124), (35, 0.036442723), (45, 0.03110894), (47, 0.017762622), (48, 0.14599192), (49, 0.13638495)]
[(0, 0.03319354), (4, 0.05486445), (7, 0.028138764), (9, 0.012456696), (14, 0.011018988), (21, 0.11916524), (22, 0.10741318), (25, 0.07584238), (30, 0.067538075), (35, 0.052365012), (39, 0.08295446), (47, 0.24520865), (48, 0.044908177), (49, 0.051146813)]
[(0, 0.09169414), (5, 0.0927022), (7, 0.043417968), (8, 0.053782027), (11, 0.033560324), (14, 0.024063554), (21, 0.022583637), (23, 0.3263212), (31, 0.015779179), (36, 0.15767789), (47, 0.010835389), (48, 0.026952185), (49, 0.07426763)]
[(0, 0.091581784), (6, 0.070905656), (7, 0.28216213), (8, 0.043254647), (14, 0.0315563), (21, 0.014916956), (27, 0.16704455), (34, 0.027217276), (39, 0.011936759), (47, 0.032607008), (48, 0.0521041), (49, 0.12695932)]
[(0, 0.06637315), (4, 0.08838954), (5, 0.04666982), (7, 0.014695279), (8, 0.10611032), (9, 0.069138326), (14, 0.0427462), (21, 0.0154738), (22, 0.31537697), (35, 0.020016287), (47, 0.047456693), (48, 0.044158623), (49, 0.107745215)]
[(0, 0.03066729), (3, 0.068029776), (4, 0.01082776), (7, 0.4956873), (11, 0.015573017), (21, 0.13309231), (30, 0.08286316), (48, 0.014337304), (49, 0.09367651)]
[(0, 0.08133623), (3, 0.049370743), (6, 0.03740475), (7, 0.36656138), (8, 0.04205814), (9, 0.020934487), (13, 0.017456887), (21, 0.0596301), (27, 0.033343606), (30, 0.05411235), (35, 0.011970236), (47, 0.019679014), (48, 0.028774224), (49, 0.13839062)]
[(0, 0.027198022), (3, 0.26007548), (4, 0.09889462), (7, 0.028124738), (9, 0.014200586), (21, 0.04750574), (22, 0.06876999), (27, 0.10049711), (30, 0.056553543), (39, 0.0175037), (48, 0.112794206), (49, 0.14020054)]
[(0, 0.073224425), (4, 0.0697852), (7, 0.03365302), (21, 0.05169051), (22, 0.073713936), (25, 0.32200307), (30, 0.07190809), (34, 0.0104314545), (35, 0.07519223), (39, 0.017189043), (47, 0.03098195), (48, 0.06668911), (49, 0.088734396)]
[(0, 0.010464876), (3, 0.030864447), (4, 0.03513046), (5, 0.17232892), (7, 0.013060093), (8, 0.022828834), (9, 0.029900568), (14, 0.03922517), (22, 0.18370809), (27, 0.03827303), (43, 0.03021604), (47, 0.017555617), (48, 0.065349504), (49, 0.28949338)]
[(0, 0.064148985), (8, 0.36071187), (14, 0.20445034), (27, 0.06019397), (35, 0.0237652), (39, 0.010042437), (43, 0.035062287), (47, 0.064839646), (48, 0.07798356), (49, 0.07082106)]
[(0, 0.1963775), (1, 0.023058271), (4, 0.043117467), (7, 0.0744773), (8, 0.1587053), (14, 0.15709668), (21, 0.025213048), (22, 0.027534364), (34, 0.021152036), (43, 0.019286579), (45, 0.054177582), (47, 0.066234216), (48, 0.018446188), (49, 0.068098366)]
[(0, 0.06521644), (4, 0.03293557), (5, 0.026624916), (7, 0.012393359), (8, 0.02935133), (9, 0.14270124), (21, 0.036266882), (22, 0.16840856), (30, 0.03919723), (31, 0.019049522), (35, 0.11784909), (39, 0.1161707), (45, 0.020079112), (48, 0.08051832), (49, 0.07609126)]
[(0, 0.07274025), (11, 0.17788114), (13, 0.040644433), (21, 0.1637112), (23, 0.4008649), (30, 0.021725051), (39, 0.028842257), (48, 0.014258126), (49, 0.043029252)]
[(0, 0.12355167), (6, 0.018122604), (7, 0.10228688), (8, 0.1243916), (14, 0.13405097), (21, 0.1713986), (27, 0.018696401), (30, 0.04699378), (34, 0.010083111), (36, 0.06030598), (45, 0.017853655), (48, 0.06206003), (49, 0.05705477)]
[(0, 0.09860288), (2, 0.103535414), (4, 0.012914028), (7, 0.07622202), (8, 0.016663311), (11, 0.28528392), (13, 0.014974407), (14, 0.027811462), (21, 0.03532403), (23, 0.019986194), (31, 0.032330547), (35, 0.011774609), (39, 0.027447768), (47, 0.038557507), (48, 0.044725277), (49, 0.13388476)]
[(0, 0.06209422), (2, 0.01594685), (11, 0.19134152), (13, 0.08651251), (14, 0.037479427), (21, 0.05620035), (23, 0.36008808), (30, 0.069665715), (47, 0.02102313), (48, 0.029607875), (49, 0.038473547)]
[(0, 0.11892404), (4, 0.013575941), (5, 0.020943664), (7, 0.020535577), (8, 0.042692553), (11, 0.34765458), (14, 0.015756391), (21, 0.011555013), (23, 0.19243301), (31, 0.020003092), (35, 0.010419921), (36, 0.03439668), (39, 0.014715306), (47, 0.015794711), (48, 0.040744726), (49, 0.06028586)]
[(0, 0.014555728), (8, 0.033797614), (14, 0.40213874), (21, 0.011891893), (39, 0.08963888), (45, 0.2785402), (47, 0.010643021), (48, 0.045059986), (49, 0.049096435)]
[(0, 0.030777533), (4, 0.043247852), (5, 0.011518765), (7, 0.011478224), (9, 0.012045928), (21, 0.012857598), (22, 0.20376512), (30, 0.05001213), (35, 0.2005826), (45, 0.2921527), (47, 0.030045148), (49, 0.08609658)]
[(0, 0.05229618), (4, 0.01494739), (7, 0.18773066), (8, 0.21357371), (14, 0.015940355), (21, 0.17425627), (25, 0.014068441), (30, 0.070700526), (39, 0.010855765), (45, 0.06244378), (47, 0.017596379), (48, 0.010025308), (49, 0.12185608)]
[(0, 0.081888504), (5, 0.20085877), (6, 0.022366049), (7, 0.12197072), (8, 0.20093103), (14, 0.014810204), (21, 0.05049119), (23, 0.0118154455), (27, 0.13126792), (39, 0.028721318), (48, 0.024804287), (49, 0.07892047)]
[(0, 0.03985155), (8, 0.02620893), (9, 0.025736231), (21, 0.059381656), (22, 0.07716761), (35, 0.13506402), (45, 0.29934922), (47, 0.056674022), (48, 0.20464428), (49, 0.055378776)]
[(0, 0.034298178), (7, 0.12048085), (8, 0.013346388), (12, 0.016295679), (14, 0.012736354), (21, 0.089933775), (25, 0.028365), (30, 0.035201047), (34, 0.29325035), (39, 0.015559152), (43, 0.022918493), (47, 0.06313624), (48, 0.083147965), (49, 0.14497344)]
[(0, 0.028420212), (3, 0.025759555), (4, 0.18264414), (7, 0.018303856), (9, 0.023318022), (21, 0.09585436), (22, 0.07898329), (27, 0.023181181), (30, 0.04152372), (31, 0.021286383), (35, 0.025210425), (39, 0.028946849), (43, 0.062588066), (45, 0.020698015), (47, 0.010221949), (48, 0.081509344), (49, 0.1978328)]
[(0, 0.022414923), (9, 0.055774245), (18, 0.21869199), (22, 0.15538721), (30, 0.02246708), (35, 0.015807394), (39, 0.38315108), (45, 0.062518224), (48, 0.012922276), (49, 0.019105265)]
[(0, 0.04946571), (4, 0.019255431), (7, 0.06895277), (8, 0.1557033), (14, 0.019408593), (22, 0.16930784), (35, 0.05756825), (39, 0.054020412), (47, 0.013077033), (48, 0.06496792), (49, 0.30294153)]
[(0, 0.06812098), (2, 0.011529892), (7, 0.0115485), (11, 0.070170484), (13, 0.05910865), (14, 0.0152395675), (21, 0.13796239), (23, 0.482008), (30, 0.054598328), (31, 0.011363847), (48, 0.01602605), (49, 0.03808104)]
[(0, 0.067124434), (3, 0.102886334), (4, 0.074566364), (5, 0.035738874), (7, 0.010300382), (14, 0.042406555), (21, 0.021450618), (22, 0.1368224), (27, 0.1385814), (39, 0.012522691), (47, 0.03230556), (48, 0.21679214), (49, 0.09243406)]
[(0, 0.121441744), (5, 0.17586778), (7, 0.018939426), (8, 0.20265727), (9, 0.051937986), (11, 0.031093454), (14, 0.010123105), (21, 0.027949885), (23, 0.01393121), (31, 0.1450429), (45, 0.013838745), (47, 0.021893427), (48, 0.046123464), (49, 0.091295846)]
[(0, 0.088880494), (5, 0.028110502), (7, 0.08239057), (8, 0.12031123), (9, 0.011986146), (11, 0.23943087), (14, 0.035198018), (21, 0.032433398), (31, 0.09229028), (39, 0.015640814), (45, 0.010215057), (47, 0.022088766), (49, 0.19159396)]
[(0, 0.059574902), (4, 0.102595344), (7, 0.010388258), (9, 0.026171744), (21, 0.056267966), (22, 0.023987932), (25, 0.36057943), (30, 0.018206062), (35, 0.018048026), (45, 0.011340774), (47, 0.052144457), (48, 0.14259198), (49, 0.094264604)]
[(0, 0.01831497), (4, 0.45911837), (8, 0.03674867), (9, 0.04292133), (21, 0.045517247), (22, 0.117591284), (25, 0.04852656), (30, 0.024592405), (35, 0.03657861), (47, 0.030065404), (48, 0.033921335), (49, 0.0824739)]
[(0, 0.093800314), (3, 0.0227179), (4, 0.060206987), (5, 0.010251379), (7, 0.17205988), (8, 0.06941167), (9, 0.02622062), (21, 0.03449268), (32, 0.014435865), (34, 0.07994351), (39, 0.02774687), (43, 0.05143001), (47, 0.02500819), (48, 0.03260198), (49, 0.23027258)]
[(0, 0.14655143), (4, 0.058947463), (5, 0.01611158), (7, 0.078203335), (8, 0.2570854), (9, 0.03062535), (14, 0.069402896), (21, 0.02033967), (25, 0.011903274), (27, 0.029065931), (35, 0.012058688), (39, 0.01710969), (47, 0.026803767), (48, 0.074955374), (49, 0.122020364)]
[(0, 0.023648564), (9, 0.10016002), (21, 0.016922312), (22, 0.21799937), (30, 0.015463624), (35, 0.10437064), (39, 0.37019262), (45, 0.09142833), (48, 0.023813618), (49, 0.014224718)]
[(0, 0.03425573), (3, 0.01992934), (4, 0.024478953), (7, 0.24128383), (21, 0.033139523), (22, 0.16585201), (30, 0.03468569), (34, 0.08981728), (35, 0.07111158), (37, 0.05993966), (47, 0.035565935), (48, 0.04941972), (49, 0.07399095)]
[(0, 0.13364775), (4, 0.06204735), (5, 0.010103523), (7, 0.018358225), (8, 0.012333311), (12, 0.18608476), (13, 0.011275474), (21, 0.04804674), (22, 0.10485382), (30, 0.039008204), (35, 0.07245362), (39, 0.014949397), (47, 0.027531808), (48, 0.07579293), (49, 0.15512617)]
[(0, 0.09174935), (4, 0.041555297), (7, 0.065801665), (8, 0.29330403), (9, 0.049599472), (14, 0.018585244), (21, 0.02775085), (22, 0.080933884), (35, 0.034263164), (36, 0.024934063), (39, 0.035065364), (45, 0.041638255), (47, 0.02180514), (48, 0.037182227), (49, 0.10753967)]
[(0, 0.03278695), (4, 0.13900949), (7, 0.042652912), (8, 0.056588218), (21, 0.013264378), (22, 0.020124594), (27, 0.010775987), (30, 0.012227547), (34, 0.070472114), (43, 0.26043865), (47, 0.020484801), (48, 0.09374175), (49, 0.20643009)]
[(0, 0.108415015), (4, 0.024492642), (5, 0.02258689), (7, 0.3042808), (8, 0.0761871), (9, 0.011897512), (14, 0.02534536), (22, 0.10279757), (35, 0.02542451), (36, 0.016082924), (47, 0.052971467), (48, 0.08421601), (49, 0.10860071)]
[(0, 0.04752657), (3, 0.069018476), (5, 0.018956052), (7, 0.13471127), (8, 0.047342643), (9, 0.039906632), (21, 0.018718867), (22, 0.058438525), (25, 0.015577995), (30, 0.014861333), (43, 0.069733456), (47, 0.25181907), (48, 0.04816188), (49, 0.12570001)]
[(0, 0.037184846), (2, 0.027181905), (3, 0.028672671), (4, 0.026597304), (5, 0.02274902), (7, 0.0993608), (8, 0.043467004), (12, 0.06376593), (13, 0.038728148), (21, 0.11492371), (22, 0.15886465), (30, 0.020328084), (35, 0.02045661), (36, 0.038152117), (39, 0.025805963), (43, 0.018550046), (47, 0.048651095), (48, 0.030499553), (49, 0.13168484)]
[(0, 0.13783371), (6, 0.043301493), (7, 0.09350168), (8, 0.2193078), (11, 0.0123640625), (14, 0.064972416), (21, 0.15832193), (22, 0.02878687), (30, 0.030993816), (36, 0.032077987), (47, 0.035292313), (48, 0.013565789), (49, 0.07637923)]
[(0, 0.05666533), (4, 0.08684553), (5, 0.010906397), (7, 0.013227382), (8, 0.029363958), (11, 0.14072561), (14, 0.4521861), (47, 0.02946453), (49, 0.1354526)]
[(0, 0.12096623), (5, 0.032369263), (14, 0.08273626), (21, 0.03791435), (23, 0.33985102), (30, 0.19682866), (35, 0.014252463), (36, 0.05289214), (39, 0.018539758), (49, 0.062386252)]
[(0, 0.03756982), (4, 0.02306719), (7, 0.43879053), (21, 0.14645472), (22, 0.050933648), (30, 0.08681399), (47, 0.028557153), (48, 0.021645395), (49, 0.13079843)]
[(0, 0.021003842), (4, 0.014514232), (7, 0.13616052), (8, 0.022069134), (21, 0.060249995), (22, 0.117713206), (25, 0.11460226), (35, 0.014002874), (47, 0.15514979), (48, 0.15692754), (49, 0.15462387)]
[(0, 0.031203669), (4, 0.11430512), (5, 0.024767783), (8, 0.026221666), (14, 0.07308492), (21, 0.027193967), (22, 0.039848648), (32, 0.24158368), (43, 0.09205318), (47, 0.028026072), (48, 0.08471373), (49, 0.18920925)]
[(0, 0.03299673), (4, 0.02147518), (5, 0.02118495), (7, 0.063663304), (8, 0.3175601), (9, 0.08681789), (14, 0.03948296), (21, 0.020392017), (22, 0.16439894), (35, 0.02623526), (39, 0.026995972), (47, 0.011038768), (48, 0.09230708), (49, 0.055184536)]
[(0, 0.069589935), (4, 0.070766285), (7, 0.030781541), (21, 0.04726162), (22, 0.07535439), (25, 0.3163471), (30, 0.077751696), (34, 0.010231732), (35, 0.07792855), (39, 0.015303733), (47, 0.032055262), (48, 0.068745114), (49, 0.092781834)]
[(0, 0.05126307), (4, 0.13098082), (7, 0.04446936), (8, 0.08821699), (9, 0.1955172), (18, 0.023252593), (21, 0.055935837), (22, 0.11729852), (30, 0.06490171), (35, 0.012127157), (43, 0.018216224), (47, 0.027542057), (48, 0.038028635), (49, 0.09550748)]
[(0, 0.09967735), (3, 0.015267108), (4, 0.13599253), (5, 0.018300058), (7, 0.021413261), (9, 0.011264332), (21, 0.030353736), (22, 0.047616746), (30, 0.0965748), (31, 0.0107759135), (32, 0.046261903), (39, 0.029745687), (43, 0.10472788), (47, 0.04713234), (48, 0.06297666), (49, 0.18393676)]
[(0, 0.09059904), (4, 0.013710383), (5, 0.049289096), (7, 0.21878277), (8, 0.28934428), (14, 0.029143356), (21, 0.08619741), (22, 0.02921269), (47, 0.021481857), (48, 0.026510801), (49, 0.1092228)]
[(0, 0.124650694), (7, 0.0118195545), (13, 0.031770695), (14, 0.3214057), (21, 0.028758032), (34, 0.032532044), (43, 0.023265561), (47, 0.15966792), (48, 0.05926912), (49, 0.1359359)]
[(0, 0.053197037), (4, 0.029928511), (7, 0.2236399), (8, 0.18865363), (9, 0.016908918), (13, 0.019208683), (14, 0.026341174), (21, 0.09999134), (22, 0.022533529), (30, 0.07941591), (35, 0.016136745), (39, 0.01591216), (45, 0.012604458), (47, 0.02360063), (48, 0.013264326), (49, 0.14031811)]
[(0, 0.036011506), (2, 0.022414895), (3, 0.0166769), (7, 0.5300417), (8, 0.010822168), (15, 0.04169042), (21, 0.09424031), (23, 0.03211695), (30, 0.09081379), (39, 0.011505356), (47, 0.012564613), (48, 0.0129683195), (49, 0.057715748)]
[(0, 0.03717114), (4, 0.036215663), (5, 0.14687361), (7, 0.08414061), (8, 0.04178214), (9, 0.031685285), (14, 0.044545155), (21, 0.01007656), (22, 0.014766307), (37, 0.1443343), (39, 0.02388211), (43, 0.017106468), (47, 0.045853134), (48, 0.10425892), (49, 0.17772934)]
[(0, 0.08322367), (4, 0.039739918), (7, 0.057020217), (9, 0.120613955), (11, 0.12163046), (21, 0.15221971), (30, 0.055355817), (31, 0.017630767), (35, 0.046859585), (39, 0.020403318), (45, 0.11017691), (47, 0.036808617), (48, 0.013466311), (49, 0.08611154)]
[(0, 0.09011425), (4, 0.016351486), (5, 0.042228308), (9, 0.014200341), (14, 0.024365265), (21, 0.025083577), (22, 0.05999416), (35, 0.049441427), (39, 0.019602839), (45, 0.35173005), (47, 0.10183161), (48, 0.08856869), (49, 0.10359138)]
[(0, 0.10240876), (2, 0.014506499), (5, 0.01405764), (7, 0.01382591), (13, 0.14063051), (21, 0.09109482), (23, 0.4290725), (30, 0.04094575), (31, 0.01195216), (48, 0.05430113), (49, 0.04740689)]
[(0, 0.030923879), (4, 0.015285152), (5, 0.19592002), (7, 0.14056593), (8, 0.042534396), (12, 0.08934718), (14, 0.023221115), (27, 0.027558768), (39, 0.017179174), (47, 0.05278039), (48, 0.014741158), (49, 0.32108614)]
[(0, 0.13890415), (1, 0.010831546), (3, 0.109532885), (6, 0.048452236), (7, 0.12652475), (14, 0.110736616), (22, 0.086053334), (27, 0.031492356), (30, 0.02405352), (36, 0.015450278), (37, 0.012509507), (39, 0.05696583), (47, 0.030881995), (48, 0.08019915), (49, 0.075996526)]
[(0, 0.1578322), (2, 0.036735173), (7, 0.02305681), (8, 0.046662387), (13, 0.09296537), (14, 0.11511542), (21, 0.02557471), (23, 0.1102497), (30, 0.014802119), (31, 0.013467883), (35, 0.023070954), (36, 0.1531325), (39, 0.034593835), (47, 0.044094644), (49, 0.075911425)]
[(0, 0.103324436), (2, 0.017551892), (11, 0.17572968), (13, 0.07756298), (14, 0.013336547), (21, 0.068529904), (23, 0.34205922), (30, 0.07370869), (48, 0.018606422), (49, 0.068355575)]
[(0, 0.11160384), (1, 0.018608285), (7, 0.015785286), (11, 0.023282107), (14, 0.20502916), (21, 0.010786095), (23, 0.17751165), (30, 0.03400474), (35, 0.024444576), (36, 0.040569503), (39, 0.07539731), (47, 0.18224934), (48, 0.022448014), (49, 0.044218477)]
[(0, 0.098470196), (1, 0.023224926), (2, 0.014821713), (8, 0.013991567), (11, 0.078981526), (13, 0.012754526), (14, 0.05061651), (21, 0.045162965), (23, 0.42357978), (30, 0.017809099), (31, 0.019019652), (47, 0.03863604), (48, 0.058260314), (49, 0.07253735)]
[(0, 0.096492626), (4, 0.02981601), (5, 0.21581037), (7, 0.052094527), (8, 0.33724272), (22, 0.014860582), (36, 0.031605933), (45, 0.013770111), (47, 0.074038036), (48, 0.04530079), (49, 0.06826078)]
[(0, 0.10655618), (7, 0.25552762), (8, 0.13234927), (21, 0.14805412), (22, 0.02750632), (27, 0.011205006), (30, 0.17180574), (48, 0.032778602), (49, 0.0618387)]
[(0, 0.0831059), (4, 0.016118249), (5, 0.021882107), (7, 0.013442533), (8, 0.027851911), (9, 0.013734099), (11, 0.13063009), (13, 0.019168213), (14, 0.03542446), (21, 0.026032476), (23, 0.21137382), (31, 0.029938504), (36, 0.13019224), (39, 0.022465779), (47, 0.022594256), (48, 0.0589714), (49, 0.116834976)]
[(0, 0.03561611), (4, 0.0823075), (5, 0.0421), (7, 0.01539157), (8, 0.026560558), (21, 0.06950464), (22, 0.11114702), (30, 0.03562594), (34, 0.024360197), (35, 0.013272812), (43, 0.2896523), (47, 0.033542346), (48, 0.03627296), (49, 0.15636967)]
[(0, 0.095251344), (4, 0.013857127), (5, 0.04164128), (6, 0.10733639), (7, 0.17680354), (8, 0.22513206), (22, 0.035157684), (25, 0.013091839), (27, 0.055667184), (47, 0.018627139), (48, 0.02194901), (49, 0.14395837)]
[(0, 0.059433315), (5, 0.039966863), (6, 0.0529097), (7, 0.29755953), (8, 0.21546234), (14, 0.029708896), (27, 0.057006475), (34, 0.018014489), (47, 0.017500633), (48, 0.06321311), (49, 0.09817636)]
[(0, 0.049532663), (4, 0.025029236), (5, 0.01554282), (6, 0.035289273), (14, 0.012120419), (21, 0.017334372), (22, 0.4989613), (25, 0.01179824), (27, 0.044645764), (39, 0.047113016), (47, 0.050489336), (48, 0.12174871), (49, 0.034482826)]
[(0, 0.010573904), (4, 0.16636784), (14, 0.3452077), (21, 0.018990682), (22, 0.07049722), (39, 0.036585275), (47, 0.097291425), (48, 0.011707149), (49, 0.19824186)]
[(0, 0.15149112), (1, 0.13521662), (7, 0.024511011), (8, 0.035236213), (14, 0.37848493), (21, 0.021231106), (39, 0.010411656), (47, 0.044908494), (48, 0.121298626), (49, 0.037571847)]
[(0, 0.051602084), (4, 0.0823666), (5, 0.01707716), (7, 0.32867292), (8, 0.103973776), (21, 0.08440353), (27, 0.024388004), (30, 0.06961361), (34, 0.060320303), (36, 0.014703267), (45, 0.012001425), (47, 0.018825449), (49, 0.099829614)]
[(0, 0.099304944), (5, 0.043281417), (6, 0.02593724), (7, 0.346713), (8, 0.15325429), (14, 0.04044134), (21, 0.044070985), (27, 0.030022971), (35, 0.010431188), (47, 0.04495374), (48, 0.026939718), (49, 0.11698272)]
[(0, 0.03468663), (4, 0.103185445), (21, 0.08016489), (22, 0.04965448), (25, 0.3381481), (30, 0.02537017), (37, 0.017535044), (39, 0.037541103), (47, 0.080871396), (48, 0.13268845), (49, 0.052470263)]
[(0, 0.045506317), (4, 0.052312434), (7, 0.010365376), (12, 0.2759516), (13, 0.0104092825), (21, 0.015884738), (22, 0.11980656), (30, 0.022866808), (35, 0.05843632), (39, 0.027875008), (47, 0.016271766), (48, 0.08450404), (49, 0.22672099)]
[(0, 0.06411849), (4, 0.010090196), (7, 0.44944254), (8, 0.028081778), (21, 0.16497983), (30, 0.056542147), (39, 0.032719623), (47, 0.027088214), (48, 0.012043523), (49, 0.11608101)]
[(0, 0.11354473), (2, 0.011539546), (7, 0.014147951), (8, 0.027891668), (11, 0.042261735), (13, 0.018191293), (14, 0.028357657), (21, 0.10164703), (22, 0.02513331), (23, 0.33451357), (30, 0.012574075), (35, 0.01297362), (36, 0.09152802), (39, 0.011777788), (47, 0.027508099), (48, 0.042839102), (49, 0.061386194)]
[(0, 0.113541976), (2, 0.040809225), (4, 0.0103348065), (5, 0.03687007), (8, 0.015060471), (11, 0.023030883), (13, 0.102526866), (14, 0.015152621), (21, 0.065836996), (22, 0.03553535), (23, 0.31816515), (30, 0.026322007), (36, 0.053390194), (39, 0.013222509), (48, 0.023320155), (49, 0.079406254)]
[(0, 0.09808428), (2, 0.010134143), (5, 0.11813111), (8, 0.045099203), (11, 0.22051467), (14, 0.035997458), (23, 0.21171054), (31, 0.0633041), (36, 0.011327648), (47, 0.02144209), (48, 0.04001069), (49, 0.07660919)]
[(0, 0.07706866), (4, 0.07429252), (7, 0.023127623), (8, 0.05292018), (9, 0.0479493), (21, 0.087929815), (22, 0.08375828), (30, 0.08999378), (31, 0.032526966), (32, 0.04755613), (34, 0.04699232), (39, 0.010551716), (43, 0.0776377), (45, 0.015021826), (47, 0.032932308), (48, 0.0175593), (49, 0.15613107)]
[(0, 0.039526854), (1, 0.01106212), (4, 0.40173933), (5, 0.042159993), (7, 0.010482241), (8, 0.021337606), (9, 0.051117506), (14, 0.03630395), (21, 0.041224897), (22, 0.01958418), (30, 0.047726702), (34, 0.013070086), (43, 0.025034629), (45, 0.011656079), (47, 0.014452), (48, 0.09148014), (49, 0.102149196)]
[(0, 0.06991989), (3, 0.17930359), (7, 0.14063603), (8, 0.039269447), (21, 0.049165152), (27, 0.1674508), (30, 0.09443669), (34, 0.029926693), (36, 0.015462281), (43, 0.0113880085), (47, 0.014618059), (48, 0.015784003), (49, 0.13502371)]
[(0, 0.089695744), (7, 0.018504329), (8, 0.033602696), (11, 0.24205452), (14, 0.028674945), (21, 0.01652011), (23, 0.39192116), (30, 0.017030723), (47, 0.010198487), (48, 0.01758891), (49, 0.096512444)]
[(0, 0.059140485), (3, 0.014622646), (4, 0.087972894), (7, 0.066249184), (8, 0.016295012), (14, 0.052092884), (22, 0.047587603), (30, 0.15128909), (32, 0.047868885), (34, 0.023522496), (35, 0.08109291), (39, 0.017508123), (43, 0.034704994), (47, 0.14112523), (49, 0.122972086)]
[(0, 0.014965212), (4, 0.02193604), (5, 0.19701537), (7, 0.039242167), (8, 0.0633661), (14, 0.015537656), (34, 0.0496139), (35, 0.013502593), (43, 0.3550957), (47, 0.031107234), (48, 0.03680836), (49, 0.14765196)]
[(0, 0.06461721), (3, 0.06907781), (4, 0.029588878), (5, 0.03207384), (7, 0.012364653), (8, 0.01204222), (14, 0.020536771), (21, 0.010406214), (22, 0.31622434), (27, 0.08160083), (30, 0.015094076), (47, 0.0314567), (48, 0.1789886), (49, 0.11113906)]
[(0, 0.07937379), (2, 0.04048063), (4, 0.061987557), (7, 0.08376118), (8, 0.014054166), (11, 0.014875011), (14, 0.05874415), (21, 0.013915947), (22, 0.07066388), (23, 0.074816376), (30, 0.16096514), (31, 0.032789163), (35, 0.030290604), (39, 0.012931872), (47, 0.03662674), (48, 0.04802629), (49, 0.14772713)]
[(0, 0.06069503), (4, 0.0915274), (7, 0.024893243), (8, 0.036024813), (14, 0.013656032), (21, 0.072609015), (27, 0.010081873), (32, 0.21034907), (43, 0.1154026), (47, 0.024704278), (48, 0.09106637), (49, 0.20969342)]
[(0, 0.08405183), (11, 0.06192806), (14, 0.03139776), (21, 0.12717436), (23, 0.35524622), (30, 0.0619601), (31, 0.05101593), (36, 0.02197568), (39, 0.013831508), (47, 0.012938534), (48, 0.029968293), (49, 0.09067924)]
[(0, 0.06732999), (4, 0.024680939), (8, 0.01369506), (9, 0.017445888), (14, 0.030952943), (22, 0.079308756), (35, 0.14379834), (45, 0.3896114), (47, 0.03425426), (48, 0.08452539), (49, 0.08393216)]
[(0, 0.047670025), (4, 0.019380258), (7, 0.068196125), (8, 0.15774603), (14, 0.017724186), (22, 0.16641074), (35, 0.057445545), (39, 0.053332433), (47, 0.013699429), (48, 0.07029123), (49, 0.30359787)]
[(0, 0.10313497), (7, 0.23602411), (8, 0.09190064), (9, 0.09537526), (14, 0.05646261), (21, 0.16072826), (22, 0.034404), (30, 0.044238895), (48, 0.0130153345), (49, 0.116759695)]
[(0, 0.025149236), (4, 0.05183575), (5, 0.054622665), (7, 0.020362863), (8, 0.031867508), (9, 0.043597534), (22, 0.14513715), (35, 0.023192339), (43, 0.33326975), (47, 0.017654117), (48, 0.11186914), (49, 0.09603664)]
[(0, 0.09569565), (2, 0.014205283), (7, 0.014131957), (11, 0.15794623), (13, 0.1724439), (21, 0.08052439), (23, 0.29617178), (30, 0.05389064), (39, 0.013926112), (47, 0.011507509), (48, 0.016376393), (49, 0.051604375)]
[(0, 0.10966232), (2, 0.030995058), (11, 0.13558485), (13, 0.05920321), (14, 0.019563636), (21, 0.054899454), (23, 0.37788096), (30, 0.066880845), (36, 0.010105233), (48, 0.019188406), (49, 0.06443589)]
[(0, 0.023288583), (2, 0.3596543), (4, 0.051214796), (21, 0.05127675), (22, 0.22696885), (30, 0.029380277), (35, 0.0108560445), (39, 0.019416904), (43, 0.01749497), (47, 0.034354538), (48, 0.06029165), (49, 0.10675619)]
[(0, 0.039883632), (4, 0.07944488), (6, 0.019652894), (8, 0.030358456), (9, 0.17199606), (18, 0.075786896), (21, 0.014358823), (22, 0.11135052), (47, 0.025904732), (48, 0.25968486), (49, 0.14141239)]
[(0, 0.122246705), (13, 0.060513765), (14, 0.02755521), (21, 0.08373057), (23, 0.50348026), (30, 0.06315085), (36, 0.010054586), (39, 0.027172664), (48, 0.014380992), (49, 0.04707654)]
[(0, 0.017463878), (4, 0.051666014), (5, 0.08273273), (8, 0.041212995), (9, 0.011832951), (14, 0.026676113), (22, 0.2126126), (32, 0.13661854), (34, 0.041248433), (35, 0.027814222), (39, 0.028754415), (43, 0.05246689), (47, 0.021870643), (48, 0.13613206), (49, 0.09289426)]
[(0, 0.107929), (1, 0.106253155), (2, 0.0113020595), (11, 0.013066886), (14, 0.31630725), (21, 0.04249681), (22, 0.08958527), (23, 0.013182249), (30, 0.031454977), (35, 0.024270592), (39, 0.06525585), (47, 0.07236046), (48, 0.068585515), (49, 0.026078353)]
[(0, 0.036234517), (3, 0.2739058), (4, 0.010058022), (7, 0.19725884), (8, 0.01810772), (21, 0.044009324), (27, 0.010174911), (30, 0.13887581), (35, 0.029386928), (47, 0.031735457), (48, 0.014830445), (49, 0.16444825)]
[(0, 0.04368574), (3, 0.019532425), (4, 0.05237452), (5, 0.022939157), (8, 0.011510211), (14, 0.019311575), (22, 0.07307146), (27, 0.29384002), (39, 0.01847947), (47, 0.09979772), (48, 0.2125167), (49, 0.087778464)]
[(0, 0.08230636), (4, 0.07390826), (5, 0.11848392), (7, 0.021239629), (8, 0.028493552), (9, 0.19276851), (14, 0.010887396), (22, 0.07185055), (39, 0.016743807), (47, 0.10293079), (48, 0.15934716), (49, 0.092328556)]
[(0, 0.10473216), (7, 0.011189968), (11, 0.1711095), (13, 0.061759777), (14, 0.029145313), (21, 0.09881051), (23, 0.3397281), (30, 0.058917277), (48, 0.018892143), (49, 0.057904296)]
[(0, 0.03209253), (5, 0.039486665), (7, 0.19997554), (8, 0.27828535), (14, 0.04933058), (21, 0.13933262), (22, 0.027751364), (47, 0.027965667), (48, 0.0559141), (49, 0.12711778)]
[(0, 0.10335549), (5, 0.02335923), (6, 0.10145075), (7, 0.29288572), (8, 0.12287814), (14, 0.018775757), (21, 0.11908137), (27, 0.06527598), (30, 0.025402753), (35, 0.022044277), (48, 0.02711745), (49, 0.048202384)]
[(0, 0.05716625), (3, 0.09966535), (4, 0.016203403), (5, 0.025908189), (6, 0.01236903), (7, 0.1184341), (8, 0.02152521), (13, 0.011859532), (14, 0.016085772), (20, 0.06442833), (21, 0.01139773), (23, 0.0139036765), (27, 0.15997262), (34, 0.07113125), (35, 0.091811724), (39, 0.019511875), (47, 0.026827259), (48, 0.04194163), (49, 0.10862354)]
[(0, 0.070461124), (4, 0.038447704), (5, 0.028742883), (8, 0.0150463935), (9, 0.23465736), (14, 0.024837717), (18, 0.010252245), (20, 0.0780415), (21, 0.010245085), (22, 0.027712638), (30, 0.016761212), (35, 0.019722654), (39, 0.1357665), (47, 0.04312926), (48, 0.097363815), (49, 0.13027573)]
[(0, 0.02214529), (4, 0.1277476), (7, 0.031085795), (8, 0.0698034), (9, 0.043024857), (21, 0.028819798), (22, 0.33638465), (25, 0.017188968), (30, 0.04883109), (34, 0.011021724), (35, 0.041665897), (47, 0.012697315), (48, 0.050722603), (49, 0.12823883)]
[(0, 0.042459093), (4, 0.09347129), (5, 0.17012982), (6, 0.015699925), (7, 0.011167461), (8, 0.021424921), (9, 0.28166044), (14, 0.013651982), (18, 0.022218708), (20, 0.037411433), (39, 0.04090091), (47, 0.01901585), (48, 0.0745052), (49, 0.13348722)]
[(0, 0.047854062), (4, 0.062189057), (5, 0.032369938), (7, 0.019967005), (8, 0.11452927), (14, 0.031017778), (21, 0.044801768), (22, 0.040644545), (27, 0.06675111), (34, 0.023472488), (43, 0.24675786), (47, 0.03979691), (48, 0.07144198), (49, 0.13778934)]
[(0, 0.0392081), (4, 0.09256657), (5, 0.02122009), (7, 0.058874723), (8, 0.22190537), (9, 0.099611565), (14, 0.017007273), (21, 0.015453395), (22, 0.040142052), (27, 0.048161432), (43, 0.04032366), (45, 0.043791097), (47, 0.048507195), (48, 0.042642113), (49, 0.13946228)]
[(0, 0.03544531), (5, 0.16234149), (7, 0.20022784), (8, 0.14446892), (9, 0.059381112), (14, 0.039415557), (22, 0.020487051), (34, 0.01315427), (43, 0.0658925), (47, 0.042532463), (48, 0.06614314), (49, 0.11836438)]
[(0, 0.16139384), (2, 0.0375628), (4, 0.012390683), (7, 0.0105285775), (8, 0.021249868), (11, 0.040926147), (13, 0.013991941), (14, 0.027157256), (21, 0.103884906), (22, 0.025735503), (23, 0.32182097), (30, 0.043571733), (36, 0.041870717), (47, 0.023223829), (48, 0.036861937), (49, 0.051540963)]
[(0, 0.100612424), (3, 0.01157064), (4, 0.021646962), (5, 0.023360737), (7, 0.09570742), (8, 0.035076335), (11, 0.035897966), (12, 0.101079315), (13, 0.034335695), (14, 0.014334474), (21, 0.03181699), (23, 0.013130861), (31, 0.028748225), (37, 0.023719102), (47, 0.04146216), (48, 0.023790617), (49, 0.33209035)]
[(0, 0.09221226), (3, 0.03654342), (5, 0.031438466), (7, 0.27655074), (8, 0.03515553), (14, 0.02987518), (21, 0.04959805), (27, 0.04274017), (35, 0.012141131), (37, 0.09740685), (47, 0.034327872), (48, 0.019081637), (49, 0.21253653)]
[(0, 0.013664807), (9, 0.03181328), (18, 0.07036122), (21, 0.016026054), (22, 0.16954778), (30, 0.021599712), (39, 0.5550185), (45, 0.066396706), (48, 0.018549092)]
[(0, 0.019590799), (3, 0.10247204), (4, 0.042419765), (7, 0.08595312), (8, 0.018811911), (21, 0.086165465), (22, 0.15455395), (30, 0.016704364), (35, 0.012810813), (37, 0.02169094), (39, 0.02084479), (47, 0.133189), (48, 0.059963074), (49, 0.20924844)]
[(0, 0.07268774), (7, 0.019327588), (11, 0.16447102), (13, 0.060829837), (14, 0.015432258), (21, 0.15070938), (23, 0.39097726), (30, 0.037701488), (49, 0.040299904)]
[(0, 0.0617302), (4, 0.059474017), (6, 0.15164301), (7, 0.113595285), (8, 0.09709456), (14, 0.023460008), (21, 0.027958315), (22, 0.05591788), (27, 0.028465122), (35, 0.011625978), (37, 0.014306468), (39, 0.014075303), (47, 0.017519394), (48, 0.18736051), (49, 0.12203672)]
[(0, 0.07615722), (4, 0.015268779), (5, 0.035499364), (6, 0.027712848), (7, 0.18346584), (8, 0.38301235), (14, 0.025649367), (21, 0.011652943), (27, 0.022442508), (39, 0.021501817), (48, 0.03646909), (49, 0.11640599)]
[(0, 0.14571948), (4, 0.069608614), (7, 0.12703162), (8, 0.24313875), (9, 0.03228339), (14, 0.043650832), (21, 0.035732783), (25, 0.012685671), (27, 0.019490454), (30, 0.010168629), (39, 0.026918858), (47, 0.016867908), (48, 0.060181037), (49, 0.11888689)]
[(0, 0.09459857), (3, 0.025015507), (7, 0.13810132), (8, 0.09090524), (14, 0.020627227), (21, 0.01685629), (34, 0.096101776), (39, 0.016437925), (43, 0.06839523), (47, 0.048158385), (48, 0.03279184), (49, 0.31618428)]
[(0, 0.064830534), (1, 0.025815204), (4, 0.06789214), (7, 0.022473434), (8, 0.058393203), (9, 0.18774976), (14, 0.092777856), (21, 0.026008314), (22, 0.07817928), (35, 0.028932529), (45, 0.036382813), (47, 0.08746794), (48, 0.069028355), (49, 0.13256429)]
[(0, 0.059143733), (4, 0.028699433), (7, 0.010655697), (9, 0.01191495), (14, 0.018363), (21, 0.043507762), (22, 0.1045679), (35, 0.16034359), (39, 0.021345913), (45, 0.35979208), (47, 0.027821623), (48, 0.036481638), (49, 0.0982111)]
[(0, 0.024608081), (4, 0.15708324), (5, 0.20703116), (7, 0.0106204115), (8, 0.13351722), (9, 0.0512308), (14, 0.020708257), (34, 0.08414071), (43, 0.06310477), (47, 0.046732295), (48, 0.060125176), (49, 0.10986878)]
[(1, 0.11859257), (4, 0.09712871), (9, 0.026240446), (14, 0.087593295), (22, 0.045255635), (45, 0.19392084), (47, 0.054126766), (48, 0.09871398), (49, 0.2286371)]
[(0, 0.13075756), (1, 0.016707953), (2, 0.010671028), (7, 0.023635162), (8, 0.01329744), (9, 0.013952169), (14, 0.15976211), (21, 0.034990538), (23, 0.06223056), (30, 0.029690493), (35, 0.013075858), (36, 0.17559281), (39, 0.07005756), (47, 0.12992007), (48, 0.024335431), (49, 0.058650788)]
[(0, 0.07303559), (2, 0.031161897), (7, 0.013055261), (11, 0.01994465), (13, 0.094675064), (14, 0.017546412), (21, 0.07281637), (23, 0.51047987), (30, 0.032119866), (35, 0.022208318), (47, 0.0118843615), (48, 0.017782629), (49, 0.058498554)]
[(0, 0.018966485), (4, 0.021181367), (5, 0.016373757), (9, 0.05652585), (14, 0.022577923), (22, 0.16174878), (25, 0.059879478), (34, 0.036439914), (39, 0.36506906), (45, 0.029081766), (48, 0.121230036), (49, 0.050629858)]
[(0, 0.09784804), (7, 0.40570408), (8, 0.10758222), (14, 0.01311597), (21, 0.092244044), (30, 0.12007835), (34, 0.01657342), (48, 0.014002934), (49, 0.08821978)]
[(0, 0.017024713), (4, 0.021537807), (5, 0.016752979), (9, 0.056719728), (14, 0.016973674), (22, 0.1626407), (25, 0.06081598), (34, 0.03692299), (39, 0.36710835), (45, 0.029435156), (48, 0.11971438), (49, 0.05139381)]
[(0, 0.045504924), (3, 0.01692406), (4, 0.119047366), (7, 0.031384744), (8, 0.043174468), (21, 0.048879523), (22, 0.03773317), (30, 0.07325474), (34, 0.042186227), (35, 0.010661219), (43, 0.24679124), (47, 0.019974321), (48, 0.034742236), (49, 0.20858912)]
[(0, 0.06219558), (3, 0.06954447), (4, 0.01652705), (7, 0.1581781), (8, 0.10762526), (14, 0.011679793), (21, 0.059698835), (27, 0.011904693), (30, 0.033165082), (34, 0.039917786), (37, 0.020164466), (39, 0.017641984), (43, 0.032143835), (48, 0.04553224), (49, 0.29873365)]
[(0, 0.047685143), (1, 0.075994395), (2, 0.1549217), (3, 0.010617021), (4, 0.012348582), (7, 0.018690556), (14, 0.2208008), (21, 0.039134417), (22, 0.083484195), (35, 0.020771451), (37, 0.025112756), (47, 0.06547515), (48, 0.09939042), (49, 0.09780328)]
[(0, 0.0349066), (3, 0.014706068), (4, 0.025249956), (7, 0.13031334), (13, 0.014578865), (21, 0.087432176), (22, 0.039344434), (25, 0.17850302), (30, 0.100387536), (34, 0.013419523), (47, 0.13875973), (48, 0.048593286), (49, 0.12877864)]
[(0, 0.08181875), (4, 0.011223094), (6, 0.028029546), (7, 0.16918218), (8, 0.35173512), (14, 0.0191921), (21, 0.05074951), (30, 0.028927743), (36, 0.023792505), (47, 0.039243255), (49, 0.15759002)]
[(0, 0.19600452), (1, 0.032954156), (4, 0.03203512), (7, 0.08160181), (8, 0.15776758), (13, 0.015569075), (14, 0.17462736), (21, 0.030403612), (22, 0.016898599), (34, 0.018796643), (43, 0.012646856), (45, 0.057387203), (47, 0.059631333), (48, 0.018030362), (49, 0.050487045)]
[(0, 0.03485395), (4, 0.114132255), (5, 0.03196632), (7, 0.02784165), (8, 0.10864345), (9, 0.040050752), (14, 0.019191144), (21, 0.034168974), (22, 0.15388614), (25, 0.062163327), (35, 0.026936956), (39, 0.012502338), (43, 0.039588295), (47, 0.01079733), (48, 0.12459475), (49, 0.1499096)]
[(0, 0.029075105), (4, 0.031405833), (14, 0.43940184), (22, 0.018622689), (30, 0.058545567), (35, 0.077211395), (39, 0.06690887), (47, 0.21219286), (48, 0.03947611)]
[(0, 0.07304937), (4, 0.02399545), (5, 0.021804942), (7, 0.024987932), (8, 0.07786821), (9, 0.116158985), (14, 0.05838942), (22, 0.15690148), (35, 0.010656318), (45, 0.19330074), (47, 0.030024398), (48, 0.080277994), (49, 0.11696838)]
[(0, 0.0286661), (4, 0.035510898), (9, 0.056807816), (13, 0.0110989455), (18, 0.047544237), (21, 0.011760987), (22, 0.08204926), (35, 0.2031493), (39, 0.10234055), (45, 0.12792066), (48, 0.19008768), (49, 0.07572971)]
[(0, 0.056741726), (3, 0.0454903), (4, 0.028263176), (5, 0.015727796), (7, 0.17696682), (8, 0.057079606), (9, 0.022601072), (14, 0.031059211), (21, 0.020492015), (23, 0.013419783), (27, 0.2938905), (31, 0.01349278), (34, 0.0143797565), (48, 0.060221408), (49, 0.11094625)]
[(0, 0.0709813), (4, 0.010478043), (5, 0.17853993), (6, 0.023682881), (7, 0.25669038), (8, 0.11109852), (9, 0.012855149), (14, 0.013572071), (15, 0.010259396), (27, 0.06674035), (34, 0.020500632), (39, 0.019312771), (47, 0.03030447), (48, 0.047331702), (49, 0.09551381)]
[(0, 0.07581133), (7, 0.4706724), (14, 0.032987453), (21, 0.11318664), (30, 0.10530199), (35, 0.011675411), (39, 0.01316644), (43, 0.010610693), (49, 0.12546705)]
[(0, 0.097192265), (4, 0.074978374), (7, 0.028116146), (8, 0.03030175), (9, 0.08906188), (11, 0.037909906), (14, 0.021154111), (21, 0.031559035), (22, 0.09038131), (23, 0.04419597), (30, 0.061683767), (31, 0.121686324), (35, 0.07230832), (45, 0.017657798), (47, 0.025867004), (48, 0.02624403), (49, 0.10994103)]
[(0, 0.12755804), (4, 0.020699501), (7, 0.03690801), (9, 0.018065829), (11, 0.056327567), (14, 0.090385914), (21, 0.20599222), (23, 0.078377604), (30, 0.06259966), (31, 0.061625846), (47, 0.01870774), (48, 0.10683485), (49, 0.06294249)]
[(0, 0.12928607), (4, 0.06214592), (7, 0.021840164), (8, 0.064932026), (9, 0.22297965), (21, 0.07134047), (30, 0.015111146), (35, 0.037590098), (39, 0.014603231), (45, 0.099990144), (47, 0.0120688), (48, 0.0931885), (49, 0.12370438)]
[(0, 0.06616211), (7, 0.33573687), (8, 0.02227513), (14, 0.033324204), (21, 0.08565487), (22, 0.12779628), (27, 0.03307218), (30, 0.016981617), (35, 0.07499634), (39, 0.014197352), (47, 0.013670331), (48, 0.08207897), (49, 0.06052051)]
[(0, 0.043851424), (4, 0.098393686), (7, 0.4338375), (8, 0.019129273), (21, 0.069955125), (22, 0.038637422), (27, 0.05956581), (30, 0.075479515), (34, 0.010856688), (45, 0.018869815), (47, 0.011114242), (48, 0.014044501), (49, 0.062166486)]
[(0, 0.12719291), (4, 0.04996236), (7, 0.015840555), (8, 0.01481398), (9, 0.16785035), (14, 0.013625417), (21, 0.044878375), (22, 0.020339096), (30, 0.059321966), (35, 0.047164235), (39, 0.022077817), (45, 0.22578138), (47, 0.018342365), (48, 0.051354352), (49, 0.1052061)]
[(0, 0.21980375), (1, 0.03765688), (4, 0.016626786), (5, 0.026438292), (7, 0.032243475), (14, 0.030377876), (21, 0.013161681), (22, 0.042391546), (25, 0.010452468), (35, 0.045117628), (37, 0.109197944), (39, 0.02511201), (47, 0.12532766), (48, 0.10619239), (49, 0.124891564)]
[(0, 0.02818273), (3, 0.17696977), (4, 0.010395761), (7, 0.28299996), (8, 0.10157919), (21, 0.032996397), (27, 0.09650656), (30, 0.06934233), (35, 0.016323727), (47, 0.029114872), (49, 0.11287714)]
[(0, 0.03506448), (4, 0.09052314), (7, 0.012597654), (18, 0.022357322), (21, 0.11163027), (22, 0.018398173), (25, 0.40586668), (30, 0.038712714), (35, 0.015238937), (39, 0.016673455), (47, 0.061566636), (48, 0.069244586), (49, 0.08380114)]
[(0, 0.104302056), (2, 0.012315515), (7, 0.013638541), (11, 0.01307528), (13, 0.050600566), (14, 0.012834628), (21, 0.08499282), (23, 0.3818087), (30, 0.07165178), (35, 0.01871936), (36, 0.08284509), (39, 0.010429194), (48, 0.02824935), (49, 0.07045002)]
[(0, 0.053593684), (4, 0.40907687), (5, 0.018961577), (7, 0.017853161), (8, 0.066306196), (9, 0.027778942), (14, 0.03149127), (21, 0.046981785), (22, 0.024903474), (25, 0.036774874), (39, 0.019772347), (47, 0.10029426), (48, 0.050502744), (49, 0.07985511)]
[(0, 0.13302532), (2, 0.07087474), (5, 0.040250577), (7, 0.074060105), (11, 0.051144585), (13, 0.052468095), (14, 0.061330125), (21, 0.060514633), (23, 0.045490764), (30, 0.02395695), (31, 0.085804254), (36, 0.12684257), (47, 0.016613033), (48, 0.05014356), (49, 0.06299401)]
[(0, 0.024167325), (4, 0.013597024), (7, 0.017048664), (8, 0.014266494), (14, 0.28063682), (21, 0.019745449), (22, 0.010289946), (35, 0.0119304545), (39, 0.012174896), (45, 0.16092996), (47, 0.14114259), (48, 0.16816497), (49, 0.06967602)]
[(0, 0.02942591), (4, 0.44814488), (7, 0.031065611), (8, 0.024298383), (22, 0.08336847), (25, 0.020867126), (32, 0.016845087), (39, 0.021862578), (47, 0.10163441), (48, 0.035367142), (49, 0.13230772)]
[(0, 0.15069786), (5, 0.14255506), (6, 0.026029764), (7, 0.12932856), (8, 0.21382213), (14, 0.045449827), (18, 0.010414389), (27, 0.07076602), (47, 0.024654582), (48, 0.07095808), (49, 0.06631499)]
[(0, 0.1442478), (4, 0.014250276), (7, 0.08409707), (8, 0.0700977), (11, 0.04563663), (14, 0.22157258), (21, 0.029413648), (27, 0.021075955), (30, 0.028595435), (35, 0.011342889), (39, 0.041108668), (47, 0.18330787), (48, 0.011958059), (49, 0.06375891)]
[(0, 0.047090035), (4, 0.026049148), (7, 0.20937201), (8, 0.17983308), (9, 0.016319802), (13, 0.016950067), (14, 0.04286343), (21, 0.09602367), (22, 0.020479675), (30, 0.1057302), (35, 0.01355692), (39, 0.015271206), (45, 0.021607926), (47, 0.01579698), (48, 0.017680222), (49, 0.1393827)]
[(0, 0.075616635), (4, 0.055873826), (5, 0.027940482), (7, 0.05020509), (8, 0.09496348), (9, 0.07348408), (21, 0.056387827), (22, 0.22530407), (30, 0.07532261), (35, 0.054279618), (45, 0.02389209), (48, 0.0341229), (49, 0.12292551)]
[(0, 0.06514899), (2, 0.017315414), (5, 0.015754888), (7, 0.018092928), (9, 0.014708019), (11, 0.026362713), (13, 0.06013415), (21, 0.05179409), (23, 0.5532832), (30, 0.054869108), (47, 0.015940586), (48, 0.017064765), (49, 0.05531225)]
[(0, 0.060248822), (4, 0.10159902), (5, 0.040109467), (7, 0.06404057), (8, 0.028712774), (14, 0.031970657), (21, 0.041797865), (22, 0.08202405), (37, 0.1684712), (47, 0.07563095), (48, 0.027006391), (49, 0.25090793)]
[(0, 0.060072724), (7, 0.5369205), (8, 0.010161663), (13, 0.016028581), (21, 0.11143193), (30, 0.09399188), (39, 0.011070963), (47, 0.014797728), (49, 0.09436769)]
[(0, 0.04575761), (4, 0.15402699), (7, 0.058289107), (9, 0.22486004), (21, 0.060060967), (22, 0.048492517), (30, 0.04683636), (34, 0.021354131), (35, 0.020319201), (39, 0.025955025), (47, 0.02413721), (48, 0.0915178), (49, 0.15325156)]
[(0, 0.06926827), (5, 0.03289073), (7, 0.05234706), (8, 0.015966274), (11, 0.028824959), (13, 0.065525964), (14, 0.016664933), (21, 0.1226835), (22, 0.05294613), (23, 0.33715516), (30, 0.040640276), (31, 0.022192806), (36, 0.023700964), (39, 0.011898335), (47, 0.019462798), (48, 0.019673662), (49, 0.046599142)]
[(0, 0.06747712), (3, 0.019441249), (4, 0.034192905), (7, 0.05668174), (8, 0.29096818), (9, 0.04063384), (14, 0.023288758), (21, 0.08695092), (22, 0.088380136), (30, 0.05889116), (35, 0.01639296), (45, 0.016112074), (47, 0.015379322), (48, 0.040059157), (49, 0.119781464)]
[(0, 0.103242), (4, 0.03736881), (14, 0.37857863), (21, 0.12265172), (39, 0.053743046), (47, 0.06520715), (48, 0.18189062), (49, 0.015230575)]
[(0, 0.017170718), (4, 0.18287587), (9, 0.014236357), (14, 0.14600043), (21, 0.014842821), (22, 0.04892567), (25, 0.07141363), (34, 0.011507628), (39, 0.057262678), (47, 0.043947745), (48, 0.24649106), (49, 0.1108154)]
[(0, 0.13955648), (4, 0.04014149), (7, 0.023818083), (8, 0.018442618), (9, 0.10348117), (14, 0.063142315), (21, 0.017779272), (22, 0.04851674), (30, 0.11380331), (34, 0.01151477), (35, 0.05901411), (39, 0.03209714), (45, 0.1353286), (47, 0.0347295), (48, 0.0625029), (49, 0.08780567)]
[(0, 0.06963777), (1, 0.090012975), (4, 0.01592238), (7, 0.010454385), (9, 0.023186067), (14, 0.18753682), (21, 0.010749614), (22, 0.0580747), (30, 0.042901933), (35, 0.05509027), (45, 0.076245755), (47, 0.15231603), (48, 0.073628835), (49, 0.11290071)]
[(0, 0.083714776), (5, 0.032368172), (7, 0.08774633), (8, 0.17487714), (11, 0.13308032), (14, 0.024850683), (15, 0.0119356), (21, 0.029597063), (23, 0.109621085), (31, 0.091046035), (47, 0.022880314), (49, 0.17068963)]
[(0, 0.07901806), (4, 0.021668922), (5, 0.017269535), (7, 0.01873703), (9, 0.18523592), (22, 0.053559605), (35, 0.08461992), (39, 0.018334355), (45, 0.18275803), (47, 0.021101255), (48, 0.19005337), (49, 0.09550075)]
[(0, 0.11491617), (4, 0.013619576), (7, 0.015385728), (8, 0.04402724), (9, 0.02721856), (11, 0.0815482), (21, 0.038463313), (22, 0.012462212), (23, 0.39896792), (31, 0.012078497), (35, 0.011170782), (39, 0.040000375), (48, 0.0632842), (49, 0.08525983)]
[(0, 0.03801918), (14, 0.56880224), (22, 0.055328477), (25, 0.01693438), (35, 0.0316125), (45, 0.012288413), (47, 0.012316337), (48, 0.17085548), (49, 0.050936352)]
[(4, 0.016780432), (5, 0.07436924), (8, 0.03358183), (9, 0.15245561), (14, 0.028221825), (22, 0.11979545), (25, 0.010252219), (39, 0.03667376), (43, 0.035956137), (47, 0.02923412), (48, 0.38466245), (49, 0.046655864)]
[(0, 0.09827018), (5, 0.038762074), (7, 0.011312771), (12, 0.41610017), (14, 0.014732358), (21, 0.01542067), (39, 0.02565002), (47, 0.046857636), (48, 0.085112825), (49, 0.20986697)]
[(0, 0.060439393), (3, 0.019401973), (6, 0.017243858), (7, 0.17682327), (8, 0.24986696), (21, 0.12982523), (27, 0.08428067), (30, 0.10831194), (39, 0.010507421), (47, 0.017710036), (49, 0.08049214)]
[(0, 0.104012474), (2, 0.121412605), (4, 0.01726937), (7, 0.035670567), (8, 0.11460388), (14, 0.011950849), (21, 0.06255373), (23, 0.04099573), (30, 0.01621281), (31, 0.040202007), (36, 0.27352506), (47, 0.024456041), (48, 0.018276423), (49, 0.08549005)]
[(0, 0.07511427), (1, 0.011012869), (4, 0.014462912), (7, 0.15022029), (14, 0.02050041), (21, 0.09241752), (22, 0.046294007), (30, 0.061062455), (35, 0.010060121), (37, 0.1511375), (39, 0.027235862), (47, 0.14325236), (48, 0.07112135), (49, 0.11897266)]
[(0, 0.010088653), (3, 0.029711805), (4, 0.03179535), (5, 0.17451563), (7, 0.013432915), (8, 0.021937698), (9, 0.030765519), (14, 0.037802666), (22, 0.18418078), (27, 0.037409477), (43, 0.031720735), (47, 0.021528551), (48, 0.06463859), (49, 0.28766853)]
[(0, 0.053820312), (2, 0.057053838), (5, 0.21061012), (7, 0.03537733), (8, 0.02489169), (13, 0.025695877), (21, 0.06334505), (35, 0.0151947215), (37, 0.033880435), (39, 0.0132735865), (47, 0.048280805), (48, 0.11125908), (49, 0.2748885)]
[(0, 0.053808536), (4, 0.020122007), (7, 0.012153687), (9, 0.016196003), (21, 0.061615847), (22, 0.094051406), (30, 0.038254637), (35, 0.1774448), (39, 0.014488499), (45, 0.34273732), (47, 0.02356479), (48, 0.03322739), (49, 0.087135874)]
[(0, 0.12676762), (2, 0.015251769), (7, 0.024312895), (11, 0.08950433), (13, 0.06954541), (14, 0.020137018), (21, 0.08478253), (23, 0.3997458), (30, 0.050168466), (31, 0.013500946), (48, 0.02104711), (49, 0.05202069)]
[(0, 0.07965594), (4, 0.01184117), (6, 0.064087085), (7, 0.44757774), (8, 0.059116606), (14, 0.017536316), (21, 0.02697144), (22, 0.016053496), (27, 0.061051432), (47, 0.028303148), (48, 0.047018286), (49, 0.13106474)]
[(0, 0.060491513), (2, 0.021213224), (3, 0.03584142), (7, 0.11508335), (13, 0.059284937), (21, 0.076178156), (22, 0.029468965), (25, 0.016123736), (30, 0.15897079), (34, 0.02027867), (35, 0.050061096), (39, 0.011149697), (47, 0.09875725), (48, 0.035570562), (49, 0.17642224)]
[(0, 0.09767483), (2, 0.040930368), (4, 0.013446539), (7, 0.086632065), (8, 0.118234366), (13, 0.08761807), (14, 0.01274603), (21, 0.10936276), (22, 0.015225516), (23, 0.034386102), (36, 0.19021922), (47, 0.03210268), (48, 0.013687044), (49, 0.11728292)]
[(0, 0.14501919), (2, 0.039024845), (5, 0.025246497), (7, 0.019827358), (8, 0.08804471), (14, 0.041002747), (21, 0.046416573), (23, 0.021317396), (30, 0.017804893), (36, 0.27814004), (39, 0.0121774385), (47, 0.031428967), (48, 0.043035913), (49, 0.1690163)]
[(0, 0.043844055), (4, 0.022762934), (5, 0.020747826), (8, 0.023189446), (14, 0.0179674), (21, 0.034769095), (22, 0.26723817), (30, 0.021482196), (35, 0.09853912), (39, 0.012575847), (45, 0.23478903), (47, 0.027417414), (48, 0.06754346), (49, 0.09656438)]
[(0, 0.124730915), (3, 0.12371419), (5, 0.04131562), (7, 0.15845266), (8, 0.08362489), (11, 0.019015864), (14, 0.113453865), (21, 0.05383335), (22, 0.010289329), (27, 0.021282716), (39, 0.017416041), (47, 0.03624411), (48, 0.05020253), (49, 0.09829556)]
[(0, 0.030007733), (4, 0.03001094), (7, 0.019723786), (9, 0.06162564), (14, 0.076989844), (21, 0.050476775), (22, 0.01622865), (25, 0.18475923), (27, 0.017868435), (30, 0.013673496), (35, 0.05158239), (37, 0.024009392), (39, 0.022813993), (47, 0.118163355), (48, 0.13439234), (49, 0.12194278)]
[(0, 0.10251636), (1, 0.012102011), (3, 0.17459053), (4, 0.015865898), (7, 0.038057905), (8, 0.012260003), (14, 0.09411816), (21, 0.053539425), (22, 0.09366397), (27, 0.07509638), (35, 0.01104619), (39, 0.015417382), (47, 0.031036403), (48, 0.17089553), (49, 0.076763846)]
[(0, 0.037564985), (2, 0.34317607), (4, 0.08448841), (7, 0.011709776), (21, 0.02517859), (22, 0.11038681), (30, 0.023439009), (35, 0.07411601), (39, 0.019307548), (47, 0.026308293), (48, 0.14570497), (49, 0.0778513)]
[(0, 0.04279621), (4, 0.0321625), (8, 0.010841422), (14, 0.014532829), (21, 0.013909745), (22, 0.22900352), (35, 0.12527913), (39, 0.012093525), (45, 0.27548894), (47, 0.05222535), (48, 0.0859199), (49, 0.0863327)]
[(0, 0.056514494), (4, 0.014054452), (6, 0.012352627), (7, 0.13435856), (8, 0.32177565), (9, 0.011974249), (14, 0.028724132), (21, 0.034748945), (22, 0.09912779), (30, 0.016911296), (35, 0.04507582), (39, 0.018783206), (43, 0.0105006965), (47, 0.011569848), (48, 0.09090711), (49, 0.06273894)]
[(0, 0.030100787), (4, 0.08035664), (7, 0.07673132), (8, 0.17366284), (9, 0.15729141), (14, 0.033171486), (21, 0.012175188), (22, 0.13926104), (35, 0.07498175), (43, 0.016114065), (47, 0.06962131), (48, 0.036659542), (49, 0.08362241)]
[(0, 0.010031703), (4, 0.010111791), (9, 0.06351784), (21, 0.025102306), (22, 0.22531801), (35, 0.062444724), (39, 0.25197473), (45, 0.27392066), (48, 0.03198219), (49, 0.022024347)]
[(0, 0.07850535), (4, 0.015862595), (5, 0.024576949), (7, 0.045077268), (8, 0.121258184), (21, 0.020938424), (22, 0.051283758), (30, 0.03113173), (34, 0.07235397), (35, 0.010809273), (39, 0.03506806), (43, 0.11096962), (47, 0.063893974), (48, 0.07119541), (49, 0.20939498)]
[(4, 0.05067818), (5, 0.1444309), (8, 0.024904627), (9, 0.33665994), (13, 0.017003145), (14, 0.03374684), (22, 0.025546236), (34, 0.032145284), (39, 0.021509746), (43, 0.017111039), (47, 0.103902176), (48, 0.118502), (49, 0.044287145)]
[(0, 0.061952703), (4, 0.033443063), (5, 0.025799304), (6, 0.06540044), (7, 0.36320895), (8, 0.10632772), (14, 0.01216795), (21, 0.021424793), (34, 0.015889456), (47, 0.019432917), (48, 0.014511779), (49, 0.2136386)]
[(0, 0.0329079), (4, 0.013487108), (14, 0.012956316), (21, 0.040626824), (22, 0.14432189), (30, 0.04420782), (35, 0.1621461), (39, 0.1163221), (45, 0.25430325), (47, 0.016352443), (48, 0.08079771), (49, 0.055411976)]
[(0, 0.033004943), (2, 0.38265723), (4, 0.11471265), (7, 0.010610748), (8, 0.010085967), (14, 0.035778165), (21, 0.057539772), (22, 0.036336023), (39, 0.022719165), (47, 0.08709241), (48, 0.08055834), (49, 0.09213315)]
[(0, 0.055706535), (4, 0.071288645), (7, 0.037047066), (8, 0.02927285), (9, 0.20253766), (21, 0.02030094), (22, 0.05652046), (30, 0.03033519), (31, 0.012304907), (35, 0.09493951), (39, 0.02500438), (45, 0.15845992), (47, 0.03151374), (48, 0.035679612), (49, 0.13179474)]
[(0, 0.10860716), (1, 0.012657543), (4, 0.15719034), (7, 0.030008003), (9, 0.13070221), (14, 0.1929949), (22, 0.02733961), (35, 0.016152525), (39, 0.015573899), (47, 0.06667179), (48, 0.06600668), (49, 0.15002981)]
[(0, 0.10336959), (6, 0.031623837), (7, 0.31563333), (8, 0.16211273), (14, 0.06260308), (21, 0.08161682), (27, 0.038627166), (39, 0.015240064), (48, 0.058373388), (49, 0.08788959)]
[(0, 0.013788774), (4, 0.02403065), (5, 0.13884492), (6, 0.012613976), (8, 0.021212986), (9, 0.27288404), (14, 0.02864202), (18, 0.03542349), (21, 0.013465527), (22, 0.034037884), (35, 0.03354438), (45, 0.027021071), (47, 0.025447208), (48, 0.21212766), (49, 0.09813876)]
[(0, 0.04735056), (2, 0.010184754), (5, 0.018779762), (7, 0.021707816), (9, 0.016156862), (11, 0.095812455), (13, 0.011016085), (14, 0.012374007), (21, 0.117002964), (23, 0.505262), (30, 0.044457667), (35, 0.013867586), (47, 0.012634416), (48, 0.017305074), (49, 0.040868547)]
[(0, 0.09534998), (7, 0.06874078), (8, 0.017880196), (13, 0.016165685), (15, 0.010770041), (21, 0.016271984), (22, 0.01127587), (30, 0.021791244), (34, 0.14861919), (35, 0.12319134), (39, 0.027920082), (47, 0.044770893), (48, 0.2701759), (49, 0.08116696)]
[(0, 0.09843586), (7, 0.18327571), (8, 0.22047155), (14, 0.039091654), (21, 0.16968894), (22, 0.030896539), (30, 0.117397696), (39, 0.010110588), (48, 0.011287253), (49, 0.07442576)]
[(0, 0.13423865), (2, 0.017155504), (11, 0.06578851), (13, 0.09525072), (14, 0.0109881945), (21, 0.05140212), (23, 0.5084405), (30, 0.035562526), (39, 0.0120031), (48, 0.026316943), (49, 0.023548743)]
[(0, 0.09978199), (4, 0.023601398), (5, 0.059784032), (7, 0.06189011), (14, 0.10810282), (21, 0.013837564), (22, 0.08480625), (30, 0.1978201), (37, 0.08583291), (39, 0.019715898), (47, 0.08226491), (48, 0.042062256), (49, 0.112578005)]
[(0, 0.07955321), (5, 0.10857657), (8, 0.026089191), (11, 0.2843662), (14, 0.04659771), (21, 0.0118805), (23, 0.2628773), (31, 0.021744711), (36, 0.013158607), (39, 0.023600575), (48, 0.02253235), (49, 0.06821281)]
[(0, 0.08839234), (2, 0.08594449), (3, 0.036385927), (7, 0.20120582), (13, 0.01593485), (14, 0.04198867), (25, 0.012190375), (30, 0.15094768), (34, 0.054110825), (35, 0.017160667), (47, 0.09872486), (49, 0.14514871)]
[(0, 0.09478318), (4, 0.02058937), (5, 0.035113163), (7, 0.15827537), (8, 0.21600538), (14, 0.03377631), (21, 0.08515965), (22, 0.018897016), (25, 0.015862478), (30, 0.099308245), (35, 0.012437053), (45, 0.060860265), (47, 0.0140716005), (48, 0.02158552), (49, 0.083890386)]
[(0, 0.03623829), (7, 0.12748972), (8, 0.01231021), (12, 0.015448506), (14, 0.010669013), (21, 0.09595082), (25, 0.02459375), (30, 0.028197816), (34, 0.2909898), (39, 0.014144706), (43, 0.027037099), (47, 0.062163323), (48, 0.075940676), (49, 0.14832793)]
[(0, 0.08803993), (2, 0.013732689), (7, 0.015523344), (8, 0.012757882), (11, 0.01599289), (13, 0.032402024), (14, 0.019816933), (21, 0.027534502), (23, 0.5199844), (30, 0.049564376), (36, 0.103987284), (48, 0.013332694), (49, 0.045200035)]
[(0, 0.043887395), (4, 0.06776938), (7, 0.023810826), (8, 0.04434403), (9, 0.12426827), (14, 0.016762095), (21, 0.09370998), (22, 0.054480713), (30, 0.019497963), (35, 0.14192943), (39, 0.045932833), (45, 0.14510772), (47, 0.010349266), (48, 0.11337301), (49, 0.038196333)]
[(0, 0.044783805), (4, 0.06849504), (7, 0.045745358), (8, 0.042884957), (9, 0.16954754), (21, 0.044636533), (22, 0.15465312), (30, 0.06561558), (31, 0.068081915), (35, 0.14191245), (45, 0.012183509), (48, 0.027780669), (49, 0.082104914)]
[(0, 0.04984644), (3, 0.15405656), (4, 0.031742495), (5, 0.19327724), (7, 0.14749283), (8, 0.05847795), (14, 0.029877882), (21, 0.022039706), (22, 0.011962273), (27, 0.016569648), (47, 0.017036764), (48, 0.050118048), (49, 0.19523546)]
[(0, 0.019227438), (4, 0.0107653905), (9, 0.05953116), (21, 0.0112040285), (22, 0.21985419), (35, 0.030675143), (39, 0.32804912), (45, 0.26699495), (48, 0.022352494), (49, 0.0148341935)]
[(0, 0.093735136), (11, 0.050062474), (13, 0.09150379), (14, 0.015086795), (21, 0.09458907), (23, 0.481871), (30, 0.04968955), (48, 0.02529454), (49, 0.045873575)]
[(0, 0.14661767), (11, 0.14058673), (13, 0.07645805), (14, 0.017370285), (21, 0.02253527), (23, 0.4198069), (30, 0.022663562), (31, 0.011020499), (36, 0.010772017), (47, 0.014619102), (48, 0.020789942), (49, 0.05066428)]
[(0, 0.28047913), (4, 0.013769288), (7, 0.01234065), (14, 0.47757366), (21, 0.050723072), (47, 0.010400133), (48, 0.03566945), (49, 0.04761317)]
[(0, 0.07477103), (5, 0.03541111), (7, 0.463283), (8, 0.08568721), (14, 0.011988789), (21, 0.2019982), (39, 0.010692077), (48, 0.01893277), (49, 0.07507467)]
[(0, 0.049846854), (1, 0.012678745), (4, 0.065616585), (14, 0.03188681), (21, 0.040761143), (25, 0.2990345), (30, 0.016952366), (35, 0.015875617), (39, 0.06777729), (47, 0.13591836), (48, 0.15706359), (49, 0.077940956)]
[(0, 0.03400979), (4, 0.0120738745), (14, 0.48908457), (39, 0.05826163), (48, 0.25669882), (49, 0.105232224)]
[(0, 0.033930995), (4, 0.061544046), (7, 0.087734185), (8, 0.075691864), (9, 0.28276366), (21, 0.03489665), (22, 0.108717136), (30, 0.058344085), (35, 0.13251087), (47, 0.018596016), (49, 0.07792527)]
[(0, 0.024054362), (4, 0.013238256), (21, 0.03256239), (22, 0.2006648), (35, 0.08411785), (39, 0.2486813), (45, 0.32165125), (49, 0.036916718)]
[(0, 0.11193696), (7, 0.13656935), (8, 0.12281216), (11, 0.08914727), (13, 0.014568331), (14, 0.018690102), (21, 0.11252975), (30, 0.08352429), (31, 0.09938456), (36, 0.026690789), (47, 0.01752214), (48, 0.026604932), (49, 0.10200602)]
[(0, 0.12014461), (5, 0.039144248), (6, 0.01648449), (7, 0.2966557), (8, 0.13474174), (14, 0.05561392), (22, 0.014360361), (27, 0.08728178), (36, 0.010196804), (39, 0.026009692), (47, 0.050258305), (48, 0.034893073), (49, 0.07518835)]
[(0, 0.03886938), (3, 0.2126927), (4, 0.012731182), (7, 0.17649557), (21, 0.101936184), (22, 0.03650929), (30, 0.059030473), (34, 0.14584722), (39, 0.012324333), (43, 0.021491345), (47, 0.03935013), (48, 0.016397303), (49, 0.10270481)]
[(0, 0.06306699), (4, 0.13872334), (7, 0.026480304), (8, 0.014034253), (21, 0.036629513), (22, 0.034678463), (30, 0.05651353), (32, 0.19166678), (35, 0.0252119), (43, 0.13104668), (45, 0.020520644), (48, 0.04986919), (49, 0.16198124)]
[(0, 0.022944693), (3, 0.01689753), (4, 0.017491894), (7, 0.35155278), (8, 0.011518208), (11, 0.013936497), (21, 0.1571937), (22, 0.14066118), (23, 0.012786526), (30, 0.033153936), (35, 0.0144191915), (47, 0.031497434), (48, 0.016508255), (49, 0.12073405)]
[(0, 0.105694875), (5, 0.031418778), (7, 0.50268006), (8, 0.102942966), (14, 0.02600727), (21, 0.019680616), (47, 0.033556603), (48, 0.045771223), (49, 0.09857775)]
[(4, 0.088412404), (14, 0.060701992), (22, 0.6195886), (27, 0.07015584), (47, 0.012748834), (48, 0.056033548), (49, 0.07028277)]
[(0, 0.10609711), (2, 0.017839456), (7, 0.02397028), (9, 0.010600237), (11, 0.035563994), (13, 0.07225803), (14, 0.019611105), (23, 0.49014053), (30, 0.09647566), (47, 0.012243791), (48, 0.011669607), (49, 0.069562174)]
[(0, 0.048410248), (4, 0.05325303), (7, 0.030032758), (9, 0.03412492), (14, 0.22543462), (21, 0.025711775), (34, 0.019298969), (39, 0.060242504), (43, 0.08111039), (47, 0.022979615), (48, 0.30062136), (49, 0.057528205)]
[(0, 0.027476087), (4, 0.031063125), (9, 0.039959196), (18, 0.020194687), (21, 0.016897876), (22, 0.18116698), (35, 0.09632359), (39, 0.39469978), (45, 0.11670939), (48, 0.020951493), (49, 0.0261596)]
[(0, 0.06994349), (4, 0.087963246), (5, 0.027290024), (6, 0.014984751), (7, 0.03738397), (9, 0.21180226), (18, 0.017755615), (21, 0.050662678), (22, 0.046462864), (30, 0.10703262), (35, 0.011764129), (39, 0.018103853), (47, 0.036546957), (48, 0.12387025), (49, 0.11286083)]
[(0, 0.030801551), (4, 0.13196833), (7, 0.018105643), (21, 0.06865474), (22, 0.07730811), (30, 0.055750042), (31, 0.011844184), (34, 0.014844808), (35, 0.020557657), (39, 0.011222853), (43, 0.27726337), (47, 0.046708398), (48, 0.054325696), (49, 0.14271128)]
[(0, 0.12165214), (5, 0.016661773), (7, 0.016649535), (11, 0.14301515), (13, 0.079266004), (14, 0.0100589), (21, 0.07233919), (23, 0.38335618), (30, 0.05104952), (39, 0.011804345), (47, 0.014727242), (48, 0.017507017), (49, 0.032893427)]
[(0, 0.047664266), (3, 0.014385124), (4, 0.056906965), (5, 0.03421582), (7, 0.018280093), (8, 0.011789104), (21, 0.057396043), (22, 0.09270072), (30, 0.089254186), (34, 0.032535013), (43, 0.3123089), (47, 0.022717854), (48, 0.04627435), (49, 0.13322203)]
[(4, 0.040344648), (5, 0.01255577), (7, 0.023147184), (8, 0.03508852), (9, 0.04407508), (21, 0.026237482), (22, 0.21999565), (25, 0.07841961), (35, 0.14292164), (37, 0.011052799), (43, 0.012117073), (47, 0.040701177), (48, 0.20496042), (49, 0.08489546)]
[(0, 0.037435163), (4, 0.16838305), (7, 0.06643533), (8, 0.14454639), (9, 0.06839689), (13, 0.02390193), (21, 0.026285887), (22, 0.10553896), (30, 0.03520193), (35, 0.12289957), (39, 0.015808877), (47, 0.0107085975), (48, 0.06881671), (49, 0.089557245)]
[(0, 0.028861778), (6, 0.0136666745), (7, 0.5348848), (8, 0.06958927), (14, 0.026265875), (21, 0.091745734), (30, 0.06448105), (48, 0.011488007), (49, 0.114959255)]
[(0, 0.059908014), (5, 0.045872092), (7, 0.43449438), (8, 0.10862083), (14, 0.05396979), (21, 0.017608626), (27, 0.017717347), (39, 0.016130382), (45, 0.015189684), (47, 0.015462837), (48, 0.019151634), (49, 0.16261896)]
[(0, 0.09776058), (2, 0.010297711), (3, 0.01958744), (5, 0.038907655), (7, 0.031140093), (8, 0.15756781), (11, 0.010199516), (14, 0.034104034), (21, 0.09044459), (23, 0.035790507), (36, 0.14009309), (47, 0.024421616), (48, 0.053659692), (49, 0.21578465)]
[(0, 0.045649715), (4, 0.03141914), (5, 0.13272803), (7, 0.10532517), (8, 0.052287553), (9, 0.029245747), (14, 0.029409286), (21, 0.012148808), (22, 0.018946884), (37, 0.13503633), (39, 0.025335606), (47, 0.036159612), (48, 0.10875148), (49, 0.18383977)]
[(0, 0.08174225), (7, 0.021791166), (11, 0.26516646), (13, 0.03321757), (21, 0.08683799), (23, 0.3460347), (30, 0.043716412), (47, 0.018203048), (48, 0.023626458), (49, 0.044574395)]
[(0, 0.11095963), (5, 0.0155381095), (13, 0.029786289), (14, 0.030906478), (21, 0.11041376), (23, 0.5993862), (30, 0.02474848), (39, 0.010282769), (49, 0.023998361)]
[(0, 0.049891625), (3, 0.019727807), (4, 0.05139257), (5, 0.024868302), (8, 0.011835638), (14, 0.020751907), (22, 0.07688816), (27, 0.28180784), (39, 0.012676478), (47, 0.10229589), (48, 0.2133872), (49, 0.09420082)]
[(0, 0.12277397), (2, 0.03283988), (5, 0.017283719), (7, 0.015746599), (11, 0.15218571), (13, 0.086157136), (21, 0.08643083), (23, 0.3547852), (30, 0.04860871), (47, 0.010775454), (49, 0.036839776)]
[(0, 0.030042984), (1, 0.027499715), (11, 0.12260906), (14, 0.43071103), (21, 0.08745355), (31, 0.021190207), (48, 0.08783866), (49, 0.12018858)]
[(0, 0.09509807), (2, 0.036545135), (4, 0.015688557), (7, 0.031453535), (8, 0.13390066), (13, 0.047058303), (14, 0.013022546), (21, 0.07921866), (22, 0.04618595), (23, 0.044943895), (30, 0.03327714), (36, 0.2584663), (47, 0.041034445), (48, 0.019882768), (49, 0.08398164)]
[(0, 0.0269718), (3, 0.084021665), (6, 0.12192998), (7, 0.09185659), (8, 0.07793743), (13, 0.016517278), (14, 0.015588172), (21, 0.11556488), (22, 0.057317432), (27, 0.024881441), (34, 0.0845193), (36, 0.034808196), (47, 0.012423555), (48, 0.083799995), (49, 0.124044225)]
[(0, 0.13853176), (2, 0.065608986), (4, 0.010819284), (7, 0.08267816), (8, 0.12541822), (9, 0.011204235), (11, 0.05117448), (13, 0.026710913), (14, 0.0138202235), (21, 0.021154612), (30, 0.013935242), (36, 0.22346956), (47, 0.013465677), (48, 0.025945636), (49, 0.14284097)]
[(0, 0.081572644), (4, 0.09312055), (5, 0.023243062), (6, 0.011255021), (7, 0.10484875), (8, 0.27395433), (9, 0.027776124), (35, 0.042421903), (39, 0.070871636), (47, 0.02175532), (48, 0.027987381), (49, 0.17223538)]
[(0, 0.09432831), (8, 0.03579685), (11, 0.09987146), (14, 0.08493603), (21, 0.052837547), (23, 0.437811), (47, 0.028958036), (48, 0.047532957), (49, 0.06839494)]
[(0, 0.1591426), (1, 0.019680828), (7, 0.015484587), (8, 0.035206653), (14, 0.047528476), (21, 0.015301473), (23, 0.5582592), (31, 0.015675267), (36, 0.035465486), (47, 0.017172333), (48, 0.011845335), (49, 0.039421476)]
[(0, 0.093574554), (4, 0.02113628), (7, 0.50661933), (8, 0.031044494), (14, 0.023168301), (21, 0.0537263), (22, 0.021658376), (30, 0.029226637), (35, 0.013402066), (39, 0.021237608), (47, 0.031392895), (48, 0.022207918), (49, 0.10857713)]
[(0, 0.09781433), (4, 0.042344708), (5, 0.021896219), (7, 0.04940583), (8, 0.026783071), (9, 0.072127804), (11, 0.13862228), (13, 0.018535085), (14, 0.039721023), (21, 0.12178464), (23, 0.03176744), (30, 0.109206), (31, 0.029796792), (35, 0.012701897), (45, 0.023880254), (47, 0.038579013), (48, 0.013894696), (49, 0.09970084)]
[(0, 0.13353947), (4, 0.018320713), (5, 0.025024233), (7, 0.09755594), (8, 0.27309182), (9, 0.032909527), (11, 0.038089465), (14, 0.019421604), (21, 0.09486682), (31, 0.024700161), (45, 0.06860531), (47, 0.024862684), (48, 0.039991897), (49, 0.08799447)]
[(0, 0.04965972), (3, 0.01619901), (5, 0.20090005), (7, 0.35975543), (8, 0.10879102), (14, 0.01693313), (39, 0.01393998), (45, 0.015466574), (47, 0.028952694), (48, 0.02123716), (49, 0.13210112)]
[(0, 0.093943745), (1, 0.044632763), (3, 0.08090022), (4, 0.017318763), (7, 0.081529915), (8, 0.011990797), (9, 0.03485673), (14, 0.4112133), (21, 0.012768033), (47, 0.02964949), (48, 0.016062643), (49, 0.11433236)]
[(0, 0.048664164), (4, 0.037759446), (7, 0.016997486), (9, 0.07081437), (18, 0.055478435), (21, 0.014289182), (22, 0.240852), (30, 0.032185756), (35, 0.025324848), (39, 0.31188235), (45, 0.0688606), (48, 0.018922629), (49, 0.042658307)]
[(0, 0.03396611), (2, 0.027206048), (4, 0.045222934), (7, 0.079050325), (8, 0.035288487), (21, 0.062682904), (22, 0.1808698), (23, 0.109371565), (30, 0.09731259), (31, 0.02356178), (35, 0.10178473), (39, 0.022471426), (47, 0.015126891), (48, 0.041188944), (49, 0.104030564)]
[(4, 0.40489656), (7, 0.01476093), (14, 0.13280544), (22, 0.048553973), (47, 0.08786504), (48, 0.13315544), (49, 0.14584643)]
[(0, 0.041151367), (4, 0.01227609), (5, 0.13178876), (8, 0.38139078), (31, 0.06726432), (34, 0.04871115), (35, 0.018796358), (39, 0.033823073), (43, 0.020036459), (47, 0.023677137), (48, 0.02918195), (49, 0.15330926)]
[(0, 0.06808941), (4, 0.06252062), (5, 0.02429437), (7, 0.037874755), (8, 0.15333334), (9, 0.11687786), (22, 0.16072604), (35, 0.087757945), (45, 0.024785498), (47, 0.056851797), (48, 0.039222173), (49, 0.13170385)]
[(0, 0.097341195), (2, 0.124879405), (7, 0.040292665), (11, 0.11525702), (13, 0.02540551), (14, 0.01440768), (21, 0.09001391), (23, 0.06895706), (30, 0.049825188), (31, 0.15886655), (36, 0.051775698), (48, 0.03861242), (49, 0.07169566)]
[(0, 0.021038271), (4, 0.025182676), (9, 0.12630272), (18, 0.045609415), (21, 0.024865963), (22, 0.20433173), (35, 0.046411246), (39, 0.35352525), (45, 0.04257227), (48, 0.021136155), (49, 0.035899643)]
[(0, 0.07303932), (2, 0.020483201), (5, 0.02331653), (11, 0.052562207), (13, 0.090896785), (14, 0.010723629), (21, 0.080523945), (22, 0.033927027), (23, 0.3805723), (30, 0.03640278), (39, 0.011808438), (47, 0.07365309), (48, 0.036000457), (49, 0.03499805)]
[(0, 0.20515358), (1, 0.028722769), (7, 0.01448038), (11, 0.02968353), (14, 0.08004633), (23, 0.4318491), (31, 0.018336836), (36, 0.025772115), (39, 0.024073876), (47, 0.0118259825), (48, 0.027700204), (49, 0.07787233)]
[(0, 0.06765028), (4, 0.019601239), (5, 0.22638401), (6, 0.11026526), (7, 0.108162105), (8, 0.2333751), (9, 0.015086426), (15, 0.033924233), (21, 0.011165223), (27, 0.05632273), (39, 0.010252727), (48, 0.027094575), (49, 0.058997013)]
[(0, 0.083602555), (2, 0.02292456), (11, 0.018001813), (13, 0.038669303), (14, 0.011115408), (21, 0.12726253), (23, 0.57742536), (30, 0.029904732), (48, 0.020671954), (49, 0.040781274)]
[(0, 0.08947871), (2, 0.037765674), (11, 0.02232967), (13, 0.08757734), (14, 0.06109989), (21, 0.040124398), (23, 0.44497165), (30, 0.02136041), (31, 0.05955732), (35, 0.013800371), (36, 0.019150285), (47, 0.015441737), (48, 0.018120456), (49, 0.05113746)]
[(0, 0.017123016), (2, 0.12305461), (4, 0.049453873), (5, 0.026824951), (7, 0.011167874), (21, 0.043738496), (22, 0.21474661), (31, 0.21967752), (47, 0.050771218), (48, 0.10902603), (49, 0.090363145)]
[(0, 0.12097553), (3, 0.0123262415), (7, 0.4874853), (8, 0.05508548), (12, 0.012756856), (13, 0.010189038), (21, 0.07988503), (30, 0.08187851), (39, 0.010544712), (47, 0.010693687), (48, 0.010723556), (49, 0.07844879)]
[(0, 0.059127934), (3, 0.15821283), (4, 0.015768193), (7, 0.07860796), (8, 0.027913947), (14, 0.022549473), (21, 0.10152851), (22, 0.0394218), (27, 0.05904598), (47, 0.083606884), (48, 0.05677023), (49, 0.26895332)]
[(0, 0.033631034), (4, 0.1021885), (21, 0.07862352), (22, 0.049879365), (25, 0.33257186), (30, 0.03404425), (37, 0.017022856), (39, 0.03643606), (47, 0.08392524), (48, 0.12972476), (49, 0.05568996)]
[(0, 0.01380147), (1, 0.012884013), (4, 0.016732518), (5, 0.019519022), (8, 0.029625194), (22, 0.026099378), (25, 0.23606965), (35, 0.28011194), (37, 0.0113622565), (39, 0.022595372), (47, 0.088154756), (48, 0.083738156), (49, 0.12241053)]
[(0, 0.013349299), (1, 0.036410905), (14, 0.16118309), (21, 0.03887926), (22, 0.18420826), (25, 0.1235766), (27, 0.014070724), (47, 0.08242871), (48, 0.030273251), (49, 0.2541895)]
[(0, 0.030943384), (3, 0.011571314), (5, 0.027552463), (7, 0.37709853), (21, 0.11979868), (22, 0.013176403), (30, 0.08313163), (37, 0.15515265), (47, 0.020659566), (48, 0.026748057), (49, 0.092958674)]
[(0, 0.026369356), (4, 0.525591), (8, 0.052990817), (14, 0.017980184), (21, 0.06565502), (22, 0.089465685), (25, 0.02741109), (30, 0.039694708), (39, 0.010379592), (47, 0.020663394), (48, 0.02999662), (49, 0.07022121)]
[(0, 0.055804707), (4, 0.012058516), (5, 0.03159605), (6, 0.10506735), (7, 0.07268367), (8, 0.028155308), (9, 0.038394056), (14, 0.016408915), (21, 0.035689585), (22, 0.051669914), (27, 0.05231975), (39, 0.013783844), (48, 0.37527516), (49, 0.08878493)]
[(0, 0.0979245), (7, 0.011990758), (8, 0.015735833), (13, 0.028406376), (21, 0.098609574), (23, 0.57875574), (48, 0.0146273235), (49, 0.09238539)]
[(0, 0.09662912), (2, 0.03940543), (7, 0.03137097), (8, 0.047239326), (13, 0.08150102), (14, 0.026648162), (21, 0.11985762), (22, 0.024104044), (23, 0.06091599), (30, 0.07546996), (36, 0.23523575), (39, 0.013099506), (47, 0.012695168), (48, 0.04177612), (49, 0.06989848)]
[(0, 0.021396467), (2, 0.052563034), (4, 0.035055578), (7, 0.13900839), (8, 0.016710484), (21, 0.04951141), (22, 0.12242128), (23, 0.033383682), (30, 0.10004167), (35, 0.16547248), (37, 0.053415447), (48, 0.049028266), (49, 0.11947064)]
[(0, 0.034735594), (1, 0.048790146), (4, 0.13076381), (7, 0.06158334), (8, 0.0344616), (14, 0.18378542), (21, 0.015331098), (22, 0.01084076), (35, 0.0280674), (47, 0.08549849), (48, 0.16056636), (49, 0.15291423)]
[(0, 0.021211438), (7, 0.024767384), (14, 0.51405346), (21, 0.024425697), (22, 0.16605748), (48, 0.100365475), (49, 0.08543354)]
[(0, 0.09874589), (1, 0.011011841), (4, 0.061507065), (7, 0.02653183), (8, 0.035454586), (9, 0.12811798), (21, 0.017604675), (22, 0.06492502), (30, 0.06712105), (35, 0.0308906), (45, 0.2326495), (47, 0.021046774), (48, 0.061946675), (49, 0.11373126)]
[(0, 0.08881121), (1, 0.056629933), (6, 0.023236671), (7, 0.013389709), (14, 0.55520874), (21, 0.023764819), (22, 0.04162857), (47, 0.015937231), (48, 0.013609976), (49, 0.10367473)]
[(0, 0.05934645), (1, 0.011758691), (11, 0.07959111), (14, 0.081609175), (21, 0.16047882), (23, 0.35193634), (30, 0.022130625), (35, 0.0160614), (39, 0.032907184), (48, 0.081228316), (49, 0.05365922)]
[(0, 0.063139595), (3, 0.027984507), (4, 0.026824387), (7, 0.26319692), (8, 0.01095889), (21, 0.044499703), (22, 0.019078806), (30, 0.18781526), (34, 0.07085099), (35, 0.018917516), (43, 0.010018627), (47, 0.08566226), (48, 0.02789491), (49, 0.0953451)]
[(0, 0.02927675), (4, 0.15104961), (5, 0.2024854), (7, 0.010663294), (8, 0.120702274), (9, 0.05518319), (14, 0.030706646), (34, 0.08246339), (43, 0.06074361), (47, 0.046757996), (48, 0.06854029), (49, 0.111009955)]
[(0, 0.10368667), (2, 0.015693597), (5, 0.016837616), (7, 0.011042463), (11, 0.030170094), (13, 0.092497945), (14, 0.028937219), (21, 0.089197375), (23, 0.47060964), (30, 0.03134441), (35, 0.0109097455), (47, 0.010302935), (48, 0.03355618), (49, 0.03310356)]
[(0, 0.031124873), (5, 0.03894353), (7, 0.20106304), (8, 0.27896476), (14, 0.049096473), (21, 0.13685541), (22, 0.027347827), (47, 0.032388207), (48, 0.057079513), (49, 0.124738045)]
[(0, 0.038013898), (4, 0.043069858), (7, 0.023618009), (21, 0.11925471), (22, 0.05679056), (25, 0.05624011), (30, 0.05337958), (35, 0.054380976), (37, 0.01893125), (39, 0.059585847), (47, 0.27188545), (48, 0.07539549), (49, 0.10878353)]
[(0, 0.16766064), (6, 0.013300584), (7, 0.11962582), (8, 0.41372615), (21, 0.02789629), (30, 0.01954746), (35, 0.011582547), (39, 0.011929347), (48, 0.07518739), (49, 0.10442373)]
[(0, 0.075313956), (11, 0.04532647), (13, 0.023626959), (14, 0.056539465), (21, 0.090840854), (23, 0.5629779), (30, 0.011645806), (47, 0.015055664), (48, 0.019824998), (49, 0.042052694)]
[(0, 0.26802126), (4, 0.030236062), (7, 0.020535978), (8, 0.03253659), (9, 0.15570441), (11, 0.024592673), (13, 0.011743557), (14, 0.08456059), (21, 0.02468575), (22, 0.01918845), (30, 0.037298054), (31, 0.03932622), (35, 0.01131282), (39, 0.018468881), (45, 0.062587075), (47, 0.041372858), (48, 0.04952114), (49, 0.05505629)]
[(0, 0.07356911), (4, 0.016997796), (6, 0.052100036), (7, 0.3867399), (8, 0.0751306), (21, 0.10170407), (27, 0.03620227), (30, 0.080835246), (47, 0.012862399), (48, 0.022163011), (49, 0.08733666)]
[(0, 0.038466834), (4, 0.09649102), (5, 0.18223666), (7, 0.010149481), (8, 0.021249756), (9, 0.1312394), (14, 0.013133237), (21, 0.09075814), (22, 0.09332913), (45, 0.03405208), (47, 0.018990135), (48, 0.18628223), (49, 0.061785676)]
[(0, 0.01983006), (4, 0.01491415), (5, 0.07405938), (8, 0.042940676), (14, 0.21244691), (21, 0.24840969), (27, 0.023008488), (36, 0.11287201), (39, 0.031972624), (48, 0.1570659), (49, 0.019831993)]
[(0, 0.097569264), (3, 0.019816795), (4, 0.050968304), (6, 0.010668634), (7, 0.066919915), (8, 0.19990112), (9, 0.05210708), (14, 0.011943134), (22, 0.100789145), (27, 0.050629452), (30, 0.032725945), (34, 0.08550928), (43, 0.031462137), (48, 0.078423746), (49, 0.081472516)]
[(0, 0.03323125), (4, 0.07919768), (7, 0.020935021), (8, 0.102415346), (14, 0.012841378), (21, 0.015816329), (22, 0.06267544), (25, 0.020052832), (27, 0.020844815), (34, 0.033532985), (35, 0.038493454), (43, 0.21732178), (47, 0.066664934), (48, 0.07154035), (49, 0.1769164)]
[(0, 0.047733452), (4, 0.04228861), (7, 0.043611627), (8, 0.028364167), (9, 0.24158779), (11, 0.016837917), (14, 0.010643063), (21, 0.27997077), (30, 0.028536785), (31, 0.017754184), (39, 0.02170264), (45, 0.09112706), (47, 0.052276816), (48, 0.03669032), (49, 0.027889652)]
[(0, 0.013274615), (4, 0.01688296), (7, 0.010002473), (14, 0.20078902), (22, 0.08115706), (45, 0.35507447), (47, 0.11788204), (48, 0.06827598), (49, 0.08413057)]
[(0, 0.16726772), (2, 0.062106106), (7, 0.059316795), (8, 0.051595956), (13, 0.038654532), (14, 0.04893767), (21, 0.014641439), (23, 0.069387235), (31, 0.011818653), (34, 0.015550844), (36, 0.32212746), (48, 0.013083121), (49, 0.059296377)]
[(0, 0.03882986), (4, 0.0848905), (7, 0.021758754), (9, 0.068252146), (21, 0.04994356), (22, 0.13735747), (25, 0.026147777), (30, 0.023269434), (35, 0.078658074), (39, 0.015815327), (45, 0.19610187), (47, 0.013244549), (48, 0.1661079), (49, 0.06347406)]
[(0, 0.10165603), (2, 0.012254091), (7, 0.0134616615), (11, 0.12838033), (13, 0.041081153), (21, 0.078962095), (23, 0.44200253), (30, 0.06740069), (48, 0.01143495), (49, 0.068165764)]
[(0, 0.058824733), (4, 0.024475448), (5, 0.023117045), (7, 0.39198786), (8, 0.08843608), (14, 0.020766608), (21, 0.012373442), (39, 0.0125959115), (47, 0.034564756), (48, 0.05034497), (49, 0.24590744)]
[(0, 0.085987836), (2, 0.015982363), (7, 0.01570197), (8, 0.03755729), (11, 0.010126248), (13, 0.012481296), (21, 0.13554531), (23, 0.5014671), (30, 0.010400026), (36, 0.041995954), (48, 0.01450097), (49, 0.09063561)]
[(0, 0.012600286), (8, 0.04223742), (14, 0.28962415), (22, 0.22544184), (47, 0.0190673), (48, 0.1703417), (49, 0.19546574)]
[(0, 0.029348841), (4, 0.10173046), (7, 0.052495796), (8, 0.015937576), (9, 0.027750473), (13, 0.011852642), (21, 0.08596321), (22, 0.1302496), (30, 0.08467067), (32, 0.038242824), (34, 0.021879656), (35, 0.09120066), (43, 0.050831888), (47, 0.073727205), (48, 0.04544596), (49, 0.1156639)]
[(0, 0.17030777), (13, 0.035388947), (14, 0.01771878), (21, 0.015182719), (23, 0.51866937), (30, 0.11416674), (49, 0.07458333)]
[(0, 0.11242175), (7, 0.26614177), (8, 0.13087615), (21, 0.15106688), (22, 0.02375374), (27, 0.013094592), (30, 0.17696346), (49, 0.06463792)]
[(0, 0.066294074), (4, 0.073633365), (7, 0.035584804), (14, 0.014169516), (21, 0.064248376), (22, 0.0128856925), (25, 0.35041672), (30, 0.03560939), (35, 0.047403313), (39, 0.011433049), (47, 0.05765735), (48, 0.097610354), (49, 0.10979947)]
[(0, 0.07712203), (7, 0.47598213), (14, 0.03128262), (21, 0.1132424), (30, 0.10394442), (35, 0.012521972), (39, 0.013475661), (43, 0.010100717), (49, 0.12337)]
[(0, 0.028769465), (4, 0.061773922), (7, 0.053323552), (12, 0.077870004), (21, 0.10076991), (22, 0.17959124), (30, 0.05330609), (35, 0.07047389), (37, 0.049630266), (39, 0.014651779), (47, 0.021921482), (48, 0.067106664), (49, 0.19406646)]
[(0, 0.06545411), (2, 0.12893306), (4, 0.027308179), (5, 0.014544987), (7, 0.14049312), (13, 0.027590944), (21, 0.07409755), (22, 0.10676222), (30, 0.064020455), (34, 0.021105038), (35, 0.012290539), (37, 0.119516075), (39, 0.012022538), (47, 0.037630003), (48, 0.027739435), (49, 0.11708477)]
[(0, 0.13421775), (6, 0.029644482), (7, 0.10108736), (8, 0.1335639), (11, 0.010301241), (14, 0.15978394), (21, 0.13573922), (27, 0.016798895), (30, 0.023356698), (31, 0.010003789), (34, 0.014412365), (36, 0.06570201), (45, 0.018360198), (48, 0.0244793), (49, 0.069145486)]
[(0, 0.048353493), (4, 0.04340117), (5, 0.21408206), (7, 0.019592123), (8, 0.09266636), (9, 0.14460073), (22, 0.03488816), (39, 0.020988913), (45, 0.06958335), (47, 0.08902397), (48, 0.092698626), (49, 0.10446077)]
[(0, 0.19574301), (7, 0.046504736), (8, 0.020259677), (11, 0.017792238), (14, 0.48262733), (21, 0.06834751), (39, 0.052530102), (47, 0.012506522), (48, 0.030396748), (49, 0.041657288)]
[(0, 0.11673168), (2, 0.015729474), (11, 0.02506993), (13, 0.06549058), (14, 0.016441746), (21, 0.16757658), (23, 0.46936107), (30, 0.03726304), (47, 0.012585748), (48, 0.019556642), (49, 0.030411202)]
[(0, 0.10422552), (5, 0.020364704), (7, 0.037629083), (8, 0.08101275), (11, 0.097826965), (13, 0.011898888), (21, 0.037931897), (23, 0.31869143), (31, 0.02265251), (35, 0.014246174), (36, 0.07875202), (48, 0.03159578), (49, 0.10096807)]
[(0, 0.030015947), (4, 0.02415458), (8, 0.01557919), (9, 0.10080384), (14, 0.020586707), (21, 0.022862354), (22, 0.27229658), (30, 0.013448895), (35, 0.03422908), (39, 0.36410096), (45, 0.0486433), (48, 0.016531823), (49, 0.024079014)]
[(0, 0.042238023), (4, 0.052651443), (7, 0.04898798), (8, 0.012763598), (9, 0.12750973), (14, 0.029630214), (18, 0.032761518), (20, 0.032087635), (21, 0.046459403), (22, 0.21526407), (35, 0.027862541), (39, 0.026058652), (47, 0.017690329), (48, 0.1519017), (49, 0.12419198)]
[(0, 0.07341337), (7, 0.46939397), (8, 0.025459515), (21, 0.14067046), (30, 0.058893315), (39, 0.02474922), (47, 0.026925588), (48, 0.011351218), (49, 0.11692381)]
[(0, 0.055521354), (1, 0.1108385), (7, 0.08580563), (8, 0.028975692), (21, 0.029809412), (22, 0.042409346), (30, 0.029879076), (35, 0.09133893), (39, 0.021887256), (47, 0.24953467), (48, 0.104475535), (49, 0.11099959)]
[(0, 0.06561484), (1, 0.018549105), (3, 0.031234233), (4, 0.056128632), (5, 0.060368683), (6, 0.02112711), (7, 0.19974269), (8, 0.07248956), (9, 0.011073208), (14, 0.030961867), (21, 0.09165097), (22, 0.013280133), (27, 0.041702364), (39, 0.012774416), (47, 0.0327237), (48, 0.06454119), (49, 0.16563205)]
[(0, 0.06765764), (3, 0.011512667), (5, 0.018068213), (6, 0.022858702), (7, 0.3417583), (8, 0.11801199), (11, 0.02278463), (14, 0.03610073), (22, 0.02151702), (27, 0.1660573), (39, 0.013982494), (47, 0.011132813), (48, 0.033689566), (49, 0.09036193)]
[(0, 0.0925094), (4, 0.0131533155), (5, 0.030410616), (6, 0.033135366), (7, 0.22761399), (8, 0.25614697), (9, 0.032754686), (22, 0.019006468), (27, 0.08257921), (39, 0.0116664525), (47, 0.03636366), (48, 0.04235978), (49, 0.09512632)]
[(0, 0.020632222), (4, 0.011401043), (7, 0.010558299), (14, 0.31527802), (21, 0.01330791), (22, 0.10843691), (34, 0.017258814), (45, 0.046549696), (47, 0.15636152), (48, 0.1974588), (49, 0.047130167)]
[(0, 0.07854102), (3, 0.04958658), (4, 0.013909007), (7, 0.45278874), (21, 0.07789226), (30, 0.11910391), (39, 0.012599289), (47, 0.017560672), (48, 0.016509144), (49, 0.12771706)]
[(0, 0.07931659), (3, 0.15583335), (4, 0.015725544), (5, 0.030989477), (7, 0.26094183), (8, 0.025300507), (14, 0.0441296), (21, 0.014747764), (34, 0.024990754), (35, 0.012551775), (47, 0.018993776), (48, 0.013464114), (49, 0.2769683)]
[(0, 0.10192368), (7, 0.0110537205), (8, 0.0252361), (11, 0.04449779), (13, 0.0131677715), (14, 0.052289035), (21, 0.115627825), (23, 0.39468095), (31, 0.04039594), (36, 0.020551132), (39, 0.022184491), (47, 0.030316487), (48, 0.035543635), (49, 0.055960838)]
[(0, 0.24028258), (4, 0.050115377), (7, 0.029021483), (8, 0.071359456), (9, 0.06378884), (11, 0.01287115), (14, 0.13446508), (21, 0.11751014), (30, 0.0354007), (35, 0.010327786), (39, 0.0138728265), (45, 0.07392017), (48, 0.04305488), (49, 0.08149983)]
[(0, 0.050893094), (2, 0.010435199), (5, 0.018792843), (7, 0.018074656), (9, 0.016718978), (11, 0.091308035), (13, 0.010115772), (21, 0.11623123), (23, 0.5116796), (30, 0.045378592), (35, 0.013824569), (47, 0.013078978), (48, 0.01791654), (49, 0.043354534)]
[(0, 0.03550865), (4, 0.17925584), (7, 0.076124296), (8, 0.0580836), (9, 0.0615385), (14, 0.021544667), (22, 0.10261507), (25, 0.05652367), (30, 0.09658393), (35, 0.041086942), (43, 0.02434418), (47, 0.010884837), (48, 0.033691823), (49, 0.18111293)]
[(0, 0.037811805), (4, 0.044635862), (7, 0.0111679705), (8, 0.029702181), (14, 0.01955324), (21, 0.043866288), (22, 0.023682883), (25, 0.34660417), (35, 0.06977192), (39, 0.044667277), (47, 0.09921508), (48, 0.1560036), (49, 0.05403619)]
[(0, 0.040089875), (3, 0.0300034), (4, 0.030918535), (5, 0.06838395), (7, 0.13731778), (8, 0.16517253), (14, 0.019474873), (21, 0.0136926565), (22, 0.07976801), (27, 0.010198879), (30, 0.017564083), (35, 0.048868224), (39, 0.015987463), (47, 0.071307115), (48, 0.10925391), (49, 0.11761343)]
[(0, 0.06821937), (3, 0.016383426), (4, 0.07133984), (7, 0.014046095), (9, 0.12189182), (21, 0.082979165), (30, 0.10195983), (32, 0.04975547), (34, 0.077336475), (43, 0.089259654), (47, 0.015944881), (48, 0.060403842), (49, 0.19374849)]
[(0, 0.11282948), (2, 0.010174608), (11, 0.023639714), (13, 0.029307919), (14, 0.01758516), (21, 0.043953575), (23, 0.5851458), (30, 0.048921708), (47, 0.018165488), (48, 0.0175805), (49, 0.05004227)]
[(0, 0.018959457), (4, 0.017849123), (6, 0.10096599), (7, 0.22601092), (8, 0.03239919), (21, 0.075909086), (22, 0.23353627), (27, 0.031769097), (47, 0.053816944), (48, 0.07445921), (49, 0.09443224)]
[(0, 0.08122056), (3, 0.21835339), (7, 0.2038136), (8, 0.062493872), (21, 0.12578936), (27, 0.030479427), (30, 0.030022055), (48, 0.037707526), (49, 0.15905054)]
[(0, 0.060902223), (4, 0.06104503), (6, 0.045748986), (7, 0.23918675), (8, 0.25199586), (14, 0.028370028), (21, 0.02713183), (22, 0.015195081), (27, 0.034673292), (34, 0.0478566), (39, 0.01000244), (43, 0.013890606), (47, 0.021388838), (48, 0.01508257), (49, 0.09650637)]
[(0, 0.038028855), (2, 0.027541772), (3, 0.029140934), (4, 0.02702257), (5, 0.022782372), (7, 0.09712956), (8, 0.04350609), (12, 0.06427001), (13, 0.03826822), (21, 0.11311539), (22, 0.16063654), (30, 0.019146072), (35, 0.020254537), (36, 0.03800235), (39, 0.02570048), (43, 0.018961601), (47, 0.049076468), (48, 0.029674778), (49, 0.13323398)]
[(0, 0.1676858), (14, 0.31500718), (21, 0.110142), (31, 0.2084236), (36, 0.014237969), (48, 0.03005346), (49, 0.10518352)]
[(0, 0.066099636), (2, 0.012414315), (7, 0.014974671), (11, 0.13748087), (13, 0.043635357), (21, 0.06561007), (23, 0.50923336), (30, 0.026576009), (39, 0.014382708), (47, 0.010665937), (48, 0.017606342), (49, 0.061227035)]
[(0, 0.062441405), (5, 0.01591076), (6, 0.026227377), (7, 0.2606206), (8, 0.28509566), (14, 0.06492298), (21, 0.038750466), (47, 0.012932718), (48, 0.01958723), (49, 0.17029701)]
[(0, 0.043175142), (4, 0.04616314), (7, 0.016454257), (21, 0.0637894), (22, 0.047090292), (30, 0.038287245), (35, 0.030923605), (37, 0.07125168), (39, 0.051312357), (47, 0.39903829), (48, 0.09554818), (49, 0.081520185)]
[(0, 0.031496033), (4, 0.061521214), (7, 0.024214113), (8, 0.13810985), (9, 0.12290279), (11, 0.010705445), (14, 0.031212062), (21, 0.045942485), (22, 0.28465414), (35, 0.057804286), (45, 0.030842746), (47, 0.04127428), (48, 0.033312023), (49, 0.06926377)]
[(0, 0.12876406), (2, 0.026029631), (7, 0.014356305), (9, 0.013042727), (11, 0.024691798), (13, 0.047204472), (21, 0.07104262), (23, 0.50368106), (30, 0.021558257), (35, 0.01612277), (36, 0.07150994), (49, 0.017314786)]
[(0, 0.011821195), (4, 0.018665306), (5, 0.042510528), (8, 0.030126162), (9, 0.025620487), (21, 0.053027708), (22, 0.015117997), (25, 0.11094806), (35, 0.15697931), (39, 0.02029127), (47, 0.14224288), (48, 0.2593902), (49, 0.09612839)]
[(0, 0.0645519), (4, 0.023978332), (9, 0.06552716), (14, 0.017018072), (22, 0.14534636), (35, 0.01417158), (39, 0.40432605), (45, 0.1492333), (47, 0.021021921), (48, 0.047279656), (49, 0.037935536)]
[(0, 0.08597466), (7, 0.015982246), (11, 0.010475277), (13, 0.029043013), (21, 0.13539177), (23, 0.44692072), (30, 0.07394973), (35, 0.021801079), (36, 0.033395868), (47, 0.015298715), (48, 0.016450629), (49, 0.06733544)]
[(0, 0.0240312), (4, 0.091871694), (7, 0.014807151), (8, 0.011279731), (14, 0.39887148), (21, 0.015511388), (45, 0.108937405), (47, 0.11443988), (48, 0.092203535), (49, 0.05470915)]
[(0, 0.13069181), (2, 0.08412045), (4, 0.013783608), (7, 0.03122588), (8, 0.028800782), (13, 0.10072719), (14, 0.0487305), (21, 0.08022024), (23, 0.012078124), (30, 0.05298747), (31, 0.015081423), (36, 0.22007489), (47, 0.025792787), (48, 0.042145852), (49, 0.08443204)]
[(0, 0.07459555), (3, 0.03436549), (6, 0.06511676), (7, 0.33646592), (8, 0.14968337), (21, 0.11755103), (30, 0.06227258), (36, 0.037311204), (39, 0.012747617), (49, 0.06760658)]
[(0, 0.07342414), (4, 0.045079295), (5, 0.1896354), (6, 0.015793338), (7, 0.015716525), (8, 0.046065036), (9, 0.22136745), (18, 0.016013563), (22, 0.026670972), (39, 0.016007092), (47, 0.120353244), (48, 0.11121582), (49, 0.08511849)]
[(0, 0.04487087), (4, 0.15656269), (7, 0.016357584), (8, 0.034445647), (9, 0.042648952), (21, 0.031699162), (22, 0.15074675), (25, 0.010372857), (30, 0.049046755), (35, 0.041157573), (39, 0.06258437), (47, 0.04596444), (48, 0.23192477), (49, 0.075981654)]
[(0, 0.1086771), (2, 0.09769795), (7, 0.09106985), (8, 0.019906126), (11, 0.28481716), (13, 0.014646524), (14, 0.0376538), (21, 0.03254852), (23, 0.018140268), (31, 0.03764832), (35, 0.011802558), (39, 0.02446301), (47, 0.03416608), (48, 0.037826095), (49, 0.123989254)]
[(0, 0.121961914), (2, 0.043649074), (7, 0.04188777), (8, 0.06794141), (9, 0.014132734), (13, 0.054641888), (21, 0.09070558), (30, 0.07999277), (36, 0.31987083), (47, 0.030896273), (48, 0.014721921), (49, 0.08360424)]
[(0, 0.10216345), (2, 0.024661502), (4, 0.056963477), (7, 0.0749911), (8, 0.011524972), (14, 0.081649594), (21, 0.059391256), (22, 0.021131163), (30, 0.012368695), (35, 0.010510706), (37, 0.15326206), (39, 0.04640979), (47, 0.019135049), (48, 0.114778966), (49, 0.1942604)]
[(0, 0.08439606), (5, 0.028317655), (7, 0.08260398), (8, 0.11992501), (9, 0.0145054115), (11, 0.25022367), (14, 0.025073627), (21, 0.029545385), (31, 0.09765526), (39, 0.017035836), (45, 0.010513246), (47, 0.020568823), (48, 0.010361624), (49, 0.18569285)]
[(0, 0.09818508), (4, 0.020276375), (7, 0.26919997), (8, 0.07820502), (9, 0.014863247), (14, 0.019826358), (21, 0.01633237), (22, 0.10258696), (25, 0.0138658555), (35, 0.029929435), (36, 0.017227171), (47, 0.06132433), (48, 0.10075698), (49, 0.12189839)]
[(0, 0.027444057), (3, 0.26212332), (4, 0.09804342), (7, 0.027921295), (9, 0.014436652), (21, 0.04654874), (22, 0.06790882), (27, 0.1011464), (30, 0.056243896), (39, 0.01734266), (48, 0.11356198), (49, 0.13926318)]
[(0, 0.03250033), (4, 0.044764154), (7, 0.3020044), (9, 0.017836303), (21, 0.09663536), (22, 0.017800465), (30, 0.05094484), (37, 0.14593168), (39, 0.01026945), (47, 0.023560548), (48, 0.08389222), (49, 0.12969454)]
[(0, 0.064781845), (2, 0.33321288), (4, 0.023635212), (7, 0.031801205), (14, 0.015379588), (21, 0.01919753), (22, 0.07291494), (47, 0.0727981), (48, 0.13613547), (49, 0.18462306)]
[(0, 0.012572929), (1, 0.032025304), (4, 0.16121203), (11, 0.08113193), (14, 0.39005575), (21, 0.013579325), (45, 0.0191249), (47, 0.03460543), (48, 0.051626384), (49, 0.15664037)]
[(0, 0.042978838), (3, 0.057173505), (4, 0.052871037), (5, 0.057961553), (7, 0.03204216), (9, 0.046129107), (14, 0.03637712), (21, 0.11728812), (22, 0.0668703), (27, 0.09697973), (30, 0.02441042), (35, 0.017859545), (39, 0.01740341), (43, 0.026933769), (47, 0.03532084), (48, 0.119663015), (49, 0.12771201)]
[(0, 0.035944648), (3, 0.011587422), (4, 0.012806397), (7, 0.16141643), (21, 0.19531162), (22, 0.059308972), (25, 0.124806255), (30, 0.11143504), (34, 0.015544625), (47, 0.10676451), (48, 0.031102786), (49, 0.11006926)]
[(0, 0.023458088), (4, 0.115525424), (5, 0.028504737), (6, 0.07458968), (7, 0.038647287), (8, 0.01942972), (9, 0.028303917), (21, 0.013069963), (22, 0.04437424), (27, 0.01861223), (48, 0.49240506), (49, 0.068620756)]
[(0, 0.065555915), (4, 0.028009333), (9, 0.01166251), (14, 0.01659911), (21, 0.039903495), (22, 0.1022651), (35, 0.156946), (39, 0.020301526), (45, 0.35530356), (47, 0.029278172), (48, 0.039989285), (49, 0.10162502)]
[(0, 0.015069429), (4, 0.027927976), (5, 0.10923173), (7, 0.07767837), (8, 0.014601031), (14, 0.045317244), (21, 0.037879243), (22, 0.059254926), (39, 0.01607104), (43, 0.2618954), (48, 0.17139712), (49, 0.12436129)]
[(0, 0.08179247), (4, 0.10141052), (7, 0.020068944), (21, 0.036890417), (22, 0.02379452), (25, 0.34918842), (30, 0.04818569), (35, 0.014373756), (37, 0.035886507), (39, 0.020651214), (47, 0.04624791), (48, 0.10852994), (49, 0.08501574)]
[(0, 0.032759856), (5, 0.27655956), (6, 0.027801324), (7, 0.0693209), (8, 0.18274164), (9, 0.096514635), (14, 0.033298172), (22, 0.05404491), (27, 0.06501175), (39, 0.016084844), (47, 0.033559244), (48, 0.022740614), (49, 0.07067106)]
[(0, 0.032486636), (4, 0.025560621), (8, 0.011833454), (9, 0.015366174), (14, 0.05385578), (21, 0.037230797), (22, 0.10136558), (30, 0.016017957), (35, 0.1147259), (45, 0.3319392), (47, 0.075854726), (48, 0.12298111), (49, 0.052060258)]
[(0, 0.15175875), (7, 0.073134296), (8, 0.07802629), (9, 0.13134336), (11, 0.020009179), (14, 0.093980044), (21, 0.04273527), (30, 0.03289814), (31, 0.03447932), (36, 0.015745252), (39, 0.023226524), (45, 0.07849271), (47, 0.018159343), (48, 0.028810484), (49, 0.13820776)]
[(0, 0.0769126), (2, 0.0207854), (11, 0.1093853), (13, 0.08250476), (21, 0.09126419), (23, 0.50531393), (30, 0.047626268), (48, 0.012492069), (49, 0.026027001)]
[(0, 0.08574021), (1, 0.010035219), (4, 0.14581874), (7, 0.020776518), (8, 0.03761742), (9, 0.04869748), (14, 0.035632696), (21, 0.05832491), (22, 0.06377015), (30, 0.07461811), (35, 0.014518113), (39, 0.021256814), (47, 0.083454855), (48, 0.18212971), (49, 0.11019772)]
[(0, 0.040883187), (5, 0.061724562), (7, 0.34663683), (8, 0.12037985), (13, 0.011940062), (14, 0.018576613), (21, 0.053092312), (22, 0.016739523), (34, 0.022207942), (47, 0.046102155), (48, 0.09902695), (49, 0.12126587)]
[(0, 0.07356578), (5, 0.02445526), (11, 0.1114151), (13, 0.06103598), (21, 0.05729609), (23, 0.5150843), (30, 0.03309153), (48, 0.01719749), (49, 0.059274796)]
[(0, 0.016344134), (2, 0.12413931), (4, 0.051621426), (5, 0.03689205), (7, 0.015205916), (8, 0.010045222), (12, 0.010792183), (21, 0.013181824), (22, 0.22129458), (23, 0.02449059), (37, 0.09345217), (47, 0.07661155), (48, 0.04730715), (49, 0.23423219)]
[(0, 0.10953067), (2, 0.013372343), (7, 0.010715726), (8, 0.027346017), (11, 0.07029386), (14, 0.121439025), (21, 0.06382804), (23, 0.36275968), (31, 0.015216939), (36, 0.101758376), (48, 0.02331093), (49, 0.035483524)]
[(0, 0.0405805), (4, 0.058971055), (7, 0.048633486), (8, 0.016785387), (9, 0.13679865), (14, 0.026489189), (18, 0.037695028), (20, 0.042421922), (21, 0.04775926), (22, 0.17389652), (35, 0.025053106), (39, 0.022668218), (47, 0.017563576), (48, 0.15658887), (49, 0.12759034)]
[(0, 0.097983964), (2, 0.019556282), (7, 0.044960003), (8, 0.02090428), (11, 0.056110993), (13, 0.047664683), (21, 0.064260535), (22, 0.010543637), (23, 0.017721802), (30, 0.046628036), (31, 0.075837724), (35, 0.011970854), (36, 0.14429088), (39, 0.17327398), (47, 0.017833123), (48, 0.06249964), (49, 0.06989479)]
[(0, 0.1067759), (1, 0.02240642), (4, 0.022281747), (7, 0.04070179), (8, 0.03079841), (14, 0.100998096), (22, 0.020137934), (34, 0.016167343), (39, 0.01616298), (43, 0.29922515), (47, 0.062065255), (48, 0.06170235), (49, 0.1563352)]
[(0, 0.03154083), (4, 0.061591715), (7, 0.02425063), (8, 0.13738075), (9, 0.12304389), (11, 0.01071796), (14, 0.031680632), (21, 0.046060894), (22, 0.28474364), (35, 0.057819553), (45, 0.030889053), (47, 0.04147005), (48, 0.0334898), (49, 0.068485446)]
[(0, 0.17330651), (2, 0.04132948), (5, 0.023454191), (7, 0.028913869), (8, 0.14760888), (14, 0.013493486), (21, 0.06426529), (23, 0.047266368), (31, 0.09093036), (36, 0.16241887), (48, 0.05988803), (49, 0.095697924)]
[(0, 0.052848198), (4, 0.34262076), (8, 0.08040369), (14, 0.025098205), (22, 0.028092042), (25, 0.019653253), (27, 0.013310568), (30, 0.036054276), (34, 0.010673824), (39, 0.013251833), (43, 0.017465888), (47, 0.023433672), (48, 0.22204268), (49, 0.08287445)]
[(0, 0.038031675), (4, 0.05652773), (7, 0.010414487), (9, 0.08347431), (18, 0.019902015), (21, 0.020781603), (22, 0.13290738), (30, 0.032727517), (35, 0.10362914), (39, 0.17291877), (45, 0.22579968), (47, 0.013285628), (48, 0.02756032), (49, 0.05169819)]
[(0, 0.061271172), (5, 0.2160605), (7, 0.34631693), (8, 0.107878625), (14, 0.022128355), (39, 0.011181663), (45, 0.012905861), (47, 0.025517154), (48, 0.013288648), (49, 0.15326066)]
[(4, 0.016243787), (9, 0.04710415), (18, 0.060630266), (21, 0.014582674), (22, 0.15545514), (35, 0.05268275), (39, 0.4137068), (45, 0.030855946), (47, 0.110637195), (48, 0.047126353), (49, 0.022719122)]
[(0, 0.1480457), (2, 0.024428692), (4, 0.0138778025), (5, 0.0132117625), (7, 0.03955163), (8, 0.07766228), (21, 0.0676181), (23, 0.22434561), (36, 0.20966296), (39, 0.010490638), (47, 0.01617928), (48, 0.019749608), (49, 0.09797429)]
[(0, 0.04743771), (4, 0.03791028), (9, 0.0131997345), (21, 0.05939705), (22, 0.090199895), (30, 0.056933105), (35, 0.15522185), (45, 0.3397162), (47, 0.017907182), (48, 0.020516768), (49, 0.13191076)]
[(0, 0.13199118), (2, 0.040927153), (4, 0.01961111), (8, 0.019663054), (11, 0.0575594), (13, 0.048880365), (14, 0.016557476), (21, 0.05837165), (22, 0.071309276), (23, 0.2627941), (30, 0.01937767), (31, 0.017347293), (36, 0.025874853), (39, 0.017903013), (47, 0.031834617), (48, 0.06496339), (49, 0.06641867)]
[(0, 0.018501732), (2, 0.024833746), (4, 0.030450175), (7, 0.21613951), (13, 0.011148401), (21, 0.076324165), (22, 0.09254587), (25, 0.05765932), (30, 0.021765364), (35, 0.10549489), (47, 0.06205497), (48, 0.10767959), (49, 0.13716856)]
[(0, 0.066774316), (4, 0.06618469), (7, 0.027709106), (8, 0.028646749), (9, 0.05349315), (14, 0.011806689), (21, 0.04579978), (22, 0.14421001), (30, 0.07939042), (31, 0.020668358), (32, 0.045008834), (39, 0.041941453), (43, 0.07064184), (47, 0.06621506), (48, 0.033243377), (49, 0.17763469)]
[(0, 0.105901174), (2, 0.067187555), (4, 0.011049787), (5, 0.027799476), (7, 0.022898056), (8, 0.115646), (11, 0.016148157), (13, 0.027280128), (21, 0.08882247), (22, 0.06416001), (36, 0.22759572), (39, 0.014040018), (47, 0.0107303625), (48, 0.060268138), (49, 0.1201961)]
[(0, 0.06419301), (3, 0.16217144), (7, 0.27240172), (8, 0.06335733), (14, 0.030231707), (21, 0.068710476), (27, 0.061829235), (30, 0.050115783), (35, 0.011301432), (47, 0.020262387), (48, 0.031274028), (49, 0.12057804)]
[(0, 0.08911419), (3, 0.028523253), (4, 0.020069124), (7, 0.104497574), (21, 0.08072689), (22, 0.05361786), (25, 0.11281365), (30, 0.08672183), (34, 0.037482575), (35, 0.013207693), (39, 0.01027121), (47, 0.08500671), (48, 0.059873473), (49, 0.20509218)]
[(0, 0.03677507), (1, 0.01712303), (14, 0.4275085), (21, 0.021176435), (22, 0.056309015), (47, 0.028763233), (48, 0.26487944), (49, 0.09760662)]
[(4, 0.11752824), (14, 0.36944246), (22, 0.2717231), (35, 0.0606166), (47, 0.04928561), (48, 0.0529164), (49, 0.029545387)]
[(0, 0.039948616), (5, 0.025185112), (7, 0.012000721), (9, 0.036131542), (11, 0.0530355), (13, 0.042507976), (21, 0.14823696), (22, 0.014370331), (23, 0.42852083), (30, 0.023431873), (35, 0.012873132), (39, 0.0107802525), (47, 0.017576965), (48, 0.014579801), (49, 0.10758835)]
[(0, 0.099045746), (1, 0.076222904), (8, 0.012321618), (13, 0.011401149), (14, 0.39606893), (21, 0.023303917), (23, 0.14329794), (30, 0.03381369), (35, 0.013691546), (39, 0.024822129), (45, 0.027550345), (47, 0.019726219), (48, 0.037832644), (49, 0.064174175)]
[(4, 0.02214184), (9, 0.028150758), (14, 0.04259943), (18, 0.03196773), (22, 0.033517376), (35, 0.014320352), (39, 0.3827276), (45, 0.09188759), (47, 0.054749303), (48, 0.21833436), (49, 0.036710124)]
[(0, 0.034162045), (4, 0.0601006), (7, 0.087991744), (8, 0.07583259), (9, 0.28313622), (21, 0.03519568), (22, 0.107407466), (30, 0.058496688), (35, 0.13332392), (47, 0.018553004), (49, 0.07815091)]
[(0, 0.025651824), (1, 0.049054943), (7, 0.14308918), (14, 0.110984474), (21, 0.025586335), (22, 0.09172421), (25, 0.025682379), (30, 0.07961931), (35, 0.012935247), (47, 0.088992946), (48, 0.10253627), (49, 0.2100865)]
[(0, 0.13179348), (2, 0.01674463), (5, 0.018176954), (7, 0.041865576), (8, 0.135386), (11, 0.014014115), (21, 0.027764909), (23, 0.016290568), (35, 0.023111032), (36, 0.38833824), (47, 0.02762114), (48, 0.015653422), (49, 0.12310087)]
[(0, 0.14033027), (2, 0.12516566), (7, 0.016618393), (8, 0.047197655), (11, 0.05364755), (13, 0.019846717), (14, 0.029094784), (21, 0.07709575), (23, 0.03618193), (25, 0.011853192), (30, 0.01264635), (31, 0.12929486), (36, 0.11685631), (47, 0.020974118), (48, 0.0441444), (49, 0.09074717)]
[(0, 0.09759147), (1, 0.017076863), (4, 0.012831464), (7, 0.020548075), (8, 0.046516083), (11, 0.113237314), (14, 0.07667292), (21, 0.022317126), (22, 0.010218852), (23, 0.44701153), (36, 0.011243401), (39, 0.01594133), (47, 0.01526795), (48, 0.033895284), (49, 0.04243989)]
[(0, 0.029996993), (4, 0.018707728), (9, 0.042856276), (21, 0.017350733), (22, 0.12610959), (35, 0.30714354), (39, 0.0776865), (45, 0.27488625), (47, 0.025241794), (48, 0.016835952), (49, 0.04960945)]
[(0, 0.017831434), (4, 0.037253197), (5, 0.15485704), (7, 0.03265018), (8, 0.12115141), (9, 0.050723348), (22, 0.23177785), (35, 0.04161776), (47, 0.05408968), (48, 0.053334966), (49, 0.18861134)]
[(0, 0.08140432), (2, 0.012513939), (5, 0.012367817), (7, 0.0156110395), (11, 0.085554026), (13, 0.06552939), (21, 0.06547789), (23, 0.5267042), (30, 0.060731776), (49, 0.030587059)]
[(0, 0.039078277), (3, 0.02442346), (4, 0.015352639), (7, 0.35456043), (8, 0.039345477), (14, 0.06622928), (21, 0.14348798), (22, 0.022303209), (35, 0.026837843), (39, 0.017755883), (47, 0.011648837), (48, 0.048576314), (49, 0.11862008)]
[(0, 0.105941914), (3, 0.021629194), (4, 0.10830381), (7, 0.024788952), (21, 0.025865655), (22, 0.022696307), (30, 0.092943475), (32, 0.1698659), (35, 0.016038219), (43, 0.1255909), (47, 0.028284159), (48, 0.03785776), (49, 0.17328039)]
[(0, 0.09254316), (4, 0.058079958), (7, 0.043382134), (8, 0.13275132), (9, 0.052315988), (14, 0.019736318), (21, 0.16781174), (22, 0.099430844), (30, 0.085232474), (39, 0.022092614), (45, 0.07051599), (47, 0.029622912), (48, 0.023501156), (49, 0.066760644)]
[(0, 0.06207132), (3, 0.028029468), (4, 0.016756974), (5, 0.026781866), (6, 0.046882708), (7, 0.15010701), (8, 0.06478544), (14, 0.019424627), (21, 0.056237917), (22, 0.0844918), (27, 0.019621747), (30, 0.013749434), (35, 0.020768726), (39, 0.023483869), (47, 0.1477574), (48, 0.052498028), (49, 0.16128106)]
[(0, 0.0785621), (3, 0.07091384), (4, 0.031983387), (7, 0.19334325), (14, 0.011518559), (21, 0.122000664), (22, 0.026057372), (30, 0.10658759), (32, 0.0965164), (47, 0.024000319), (48, 0.04170011), (49, 0.17420529)]
[(0, 0.07616849), (4, 0.010102319), (5, 0.049689822), (7, 0.080922924), (8, 0.19114587), (9, 0.08142969), (11, 0.016594257), (14, 0.08584616), (21, 0.105455115), (31, 0.0103167435), (39, 0.015840149), (45, 0.08150731), (47, 0.020768426), (48, 0.046663493), (49, 0.10074637)]
[(0, 0.15255882), (7, 0.3604497), (8, 0.08440637), (14, 0.05695888), (30, 0.16436052), (48, 0.017647477), (49, 0.13206224)]
[(0, 0.07578759), (5, 0.032307763), (7, 0.08702308), (8, 0.17575344), (11, 0.1326705), (14, 0.020587346), (15, 0.011964857), (21, 0.029801408), (23, 0.111166924), (31, 0.09148984), (47, 0.023199202), (49, 0.18023276)]
[(0, 0.024552707), (4, 0.030777028), (5, 0.01950517), (7, 0.03506749), (8, 0.03380112), (9, 0.0114322845), (14, 0.021888465), (21, 0.018607723), (34, 0.02222079), (35, 0.013562817), (39, 0.02610389), (43, 0.41642508), (47, 0.025137058), (48, 0.073589355), (49, 0.20823142)]
[(0, 0.03390837), (5, 0.1827126), (7, 0.07963475), (8, 0.025333023), (14, 0.03759342), (21, 0.017187642), (22, 0.010707134), (27, 0.04066677), (37, 0.17718093), (48, 0.1916072), (49, 0.16564669)]
[(0, 0.053662498), (3, 0.011330774), (4, 0.05609615), (7, 0.032560073), (8, 0.017291933), (12, 0.19591008), (21, 0.03051665), (22, 0.16352782), (30, 0.013421415), (35, 0.022097021), (47, 0.026105313), (48, 0.036213174), (49, 0.3068652)]
[(0, 0.1629079), (1, 0.056645337), (4, 0.05343883), (5, 0.019905834), (14, 0.18151529), (21, 0.036437485), (22, 0.049225383), (30, 0.11176988), (32, 0.0118996315), (39, 0.040685523), (43, 0.023335278), (47, 0.08013844), (48, 0.08680513), (49, 0.0661163)]
[(0, 0.08952405), (1, 0.043930214), (4, 0.022616612), (9, 0.07015928), (14, 0.054608326), (22, 0.18591641), (30, 0.014172386), (35, 0.012215892), (39, 0.011599939), (45, 0.29376847), (47, 0.07764869), (48, 0.034799486), (49, 0.06701399)]
[(0, 0.03371883), (4, 0.053910065), (9, 0.082132995), (18, 0.01607083), (21, 0.020881807), (22, 0.15397933), (30, 0.021108108), (35, 0.11608061), (39, 0.15598084), (45, 0.2364704), (47, 0.011658408), (48, 0.030634455), (49, 0.046833716)]
[(0, 0.045250423), (7, 0.020254467), (13, 0.03871961), (14, 0.519082), (21, 0.057341017), (35, 0.02687192), (47, 0.029530492), (48, 0.036278863), (49, 0.18093032)]
[(0, 0.13821548), (1, 0.028092658), (2, 0.0140575105), (11, 0.088188045), (14, 0.07687894), (21, 0.010550356), (23, 0.52738494), (47, 0.020089258), (48, 0.010650996), (49, 0.050809067)]
[(0, 0.03522814), (4, 0.57443553), (8, 0.05720672), (14, 0.013389153), (21, 0.031168211), (22, 0.04679461), (25, 0.035898566), (30, 0.039801326), (39, 0.02278495), (47, 0.032172747), (49, 0.08168628)]
[(0, 0.05646365), (2, 0.038708992), (4, 0.30053025), (5, 0.10647444), (8, 0.017079944), (11, 0.012833577), (22, 0.014685215), (25, 0.025288707), (39, 0.015888816), (47, 0.0333202), (48, 0.089290455), (49, 0.24341269)]
[(0, 0.034466002), (4, 0.031239364), (7, 0.028760368), (9, 0.16272584), (14, 0.020738568), (21, 0.15242565), (22, 0.06439044), (30, 0.04380412), (35, 0.061394107), (45, 0.12276489), (47, 0.018714564), (48, 0.12725957), (49, 0.08978269)]
[(0, 0.22038937), (5, 0.17503786), (7, 0.1801991), (8, 0.124839656), (21, 0.02603585), (35, 0.020823691), (47, 0.10102836), (48, 0.026222985), (49, 0.07870324)]
[(0, 0.034257997), (4, 0.046550386), (7, 0.01060921), (9, 0.013068816), (21, 0.014267029), (22, 0.1983411), (30, 0.044831276), (35, 0.21410893), (45, 0.28781328), (47, 0.026886158), (49, 0.08589654)]
[(0, 0.037147354), (4, 0.03501077), (7, 0.01702902), (21, 0.14527105), (22, 0.056838088), (25, 0.010812058), (30, 0.0392066), (35, 0.07485072), (37, 0.10761067), (39, 0.059536584), (45, 0.021759255), (47, 0.23846406), (48, 0.051500466), (49, 0.09278498)]
[(0, 0.11991086), (2, 0.11380748), (4, 0.017176079), (7, 0.043359775), (8, 0.025042541), (13, 0.08660298), (14, 0.039837845), (21, 0.06423083), (22, 0.013112227), (23, 0.010918346), (30, 0.034485195), (31, 0.021846864), (36, 0.23755585), (47, 0.011014079), (48, 0.044669498), (49, 0.097393826)]
[(0, 0.1179299), (2, 0.031052094), (7, 0.024957892), (11, 0.01335949), (14, 0.13005342), (21, 0.058892366), (23, 0.30828652), (30, 0.13651535), (31, 0.026239488), (39, 0.0120345075), (47, 0.019037155), (48, 0.020008992), (49, 0.079565436)]
[(0, 0.059301425), (4, 0.08103737), (7, 0.010997045), (21, 0.030122356), (22, 0.062405843), (30, 0.08569104), (32, 0.20313032), (35, 0.03343406), (43, 0.083217144), (47, 0.016851159), (48, 0.039857943), (49, 0.22989228)]
[(0, 0.014027338), (1, 0.012692949), (4, 0.020553237), (5, 0.01923265), (8, 0.029535593), (22, 0.025340587), (25, 0.23048459), (35, 0.2778896), (37, 0.010894379), (39, 0.023651715), (47, 0.08585322), (48, 0.08217679), (49, 0.1316732)]
[(0, 0.054362305), (4, 0.034923002), (5, 0.031149343), (6, 0.06659378), (7, 0.36013812), (8, 0.08950601), (14, 0.014419873), (21, 0.021495564), (34, 0.016127966), (47, 0.026031211), (48, 0.013308859), (49, 0.220934)]
[(4, 0.018236076), (9, 0.02549669), (14, 0.035001468), (18, 0.041586358), (22, 0.04820011), (39, 0.3774786), (45, 0.08440253), (47, 0.04754905), (48, 0.23001033), (49, 0.043255668)]
[(0, 0.04550813), (4, 0.04692636), (5, 0.11058411), (6, 0.088576436), (7, 0.03127751), (9, 0.01890785), (14, 0.039436806), (22, 0.094761774), (27, 0.11016906), (34, 0.031012809), (47, 0.01214991), (48, 0.26242986), (49, 0.06872824)]
[(1, 0.026141576), (3, 0.01091777), (9, 0.060797274), (14, 0.040976208), (22, 0.026196444), (25, 0.07266545), (30, 0.01090868), (45, 0.41839516), (48, 0.28275537), (49, 0.024928344)]
[(0, 0.096120894), (8, 0.016799213), (11, 0.06451119), (14, 0.0527877), (21, 0.019868167), (23, 0.32587588), (30, 0.22266203), (39, 0.030710708), (47, 0.023233613), (49, 0.118164554)]
[(0, 0.045855343), (4, 0.04201864), (7, 0.042518985), (8, 0.027322445), (9, 0.2393165), (11, 0.01775588), (14, 0.010488308), (21, 0.2832501), (30, 0.033186376), (31, 0.0170374), (35, 0.010480592), (39, 0.02098869), (45, 0.0889602), (47, 0.05344379), (48, 0.035665974), (49, 0.028095854)]
[(0, 0.02805629), (2, 0.030533543), (8, 0.013764419), (11, 0.04775381), (13, 0.04918404), (14, 0.37239408), (21, 0.03728167), (30, 0.116585106), (39, 0.06949818), (47, 0.010130489), (48, 0.06970875), (49, 0.10050286)]
[(0, 0.022907017), (1, 0.016505545), (14, 0.5001046), (47, 0.18102257), (48, 0.124293104), (49, 0.09578272)]
[(0, 0.026983906), (2, 0.045398287), (4, 0.010921362), (7, 0.15401833), (8, 0.010610866), (14, 0.08749267), (21, 0.04444446), (22, 0.010920499), (39, 0.03027999), (47, 0.13876337), (48, 0.2085587), (49, 0.16943385)]
[(0, 0.06664343), (3, 0.012344128), (4, 0.19163328), (5, 0.029632237), (7, 0.039106417), (8, 0.01688722), (9, 0.22137198), (21, 0.030040588), (22, 0.016305894), (34, 0.010827444), (35, 0.01413459), (47, 0.056115597), (48, 0.12712546), (49, 0.12921515)]
[(0, 0.12962434), (2, 0.02857328), (7, 0.019384354), (8, 0.023888608), (13, 0.0864007), (14, 0.01226963), (21, 0.06960699), (22, 0.016148334), (23, 0.40300196), (30, 0.017793732), (36, 0.050290786), (39, 0.015734049), (48, 0.025975607), (49, 0.055547863)]
[(0, 0.047133345), (4, 0.11996779), (7, 0.01971246), (21, 0.052985292), (22, 0.05339639), (30, 0.06641658), (32, 0.20472533), (35, 0.030524662), (43, 0.10846847), (45, 0.020807298), (47, 0.013354239), (48, 0.035592157), (49, 0.1759489)]
[(0, 0.026562192), (2, 0.041572396), (4, 0.058518264), (5, 0.03308977), (21, 0.017913276), (22, 0.026854796), (25, 0.39507884), (35, 0.023221916), (39, 0.018640751), (47, 0.11561495), (48, 0.15336451), (49, 0.061692968)]
[(0, 0.041208334), (4, 0.10167692), (5, 0.18869093), (8, 0.015373219), (9, 0.13653976), (14, 0.014694408), (21, 0.08193085), (22, 0.08967028), (39, 0.014504357), (45, 0.03576041), (47, 0.017069148), (48, 0.17386901), (49, 0.065137275)]
[(0, 0.102181904), (4, 0.03948138), (5, 0.023164088), (7, 0.06816673), (8, 0.04761006), (9, 0.09633496), (14, 0.015192198), (21, 0.049294747), (22, 0.12597889), (30, 0.1001003), (39, 0.019461077), (45, 0.13003445), (47, 0.023517221), (48, 0.0579165), (49, 0.07392902)]
[(0, 0.025274819), (3, 0.01835022), (4, 0.018676879), (7, 0.367466), (8, 0.010448505), (11, 0.014816532), (21, 0.14748344), (22, 0.10556858), (23, 0.013052799), (30, 0.059187926), (35, 0.0147011215), (47, 0.030834345), (48, 0.012079852), (49, 0.12039439)]
[(0, 0.097171724), (2, 0.014909804), (5, 0.0126192225), (7, 0.014593662), (13, 0.1477908), (21, 0.09401921), (23, 0.4381786), (30, 0.041643728), (31, 0.014541659), (47, 0.0101617435), (48, 0.034541942), (49, 0.046697196)]
[(0, 0.04324634), (4, 0.04212059), (6, 0.045409374), (7, 0.010854367), (14, 0.021800362), (21, 0.09598774), (25, 0.21629813), (30, 0.1336055), (35, 0.02174588), (37, 0.0576376), (39, 0.01346989), (47, 0.09905514), (48, 0.0555261), (49, 0.11206703)]
[(0, 0.070535205), (1, 0.01306258), (4, 0.033958316), (5, 0.10471022), (7, 0.013004082), (8, 0.031196628), (14, 0.046012163), (21, 0.010083083), (22, 0.029492969), (25, 0.0210214), (35, 0.05916159), (37, 0.02879792), (39, 0.048949353), (47, 0.27250606), (48, 0.0973166), (49, 0.114510976)]
[(0, 0.09350519), (1, 0.033113196), (3, 0.026430203), (4, 0.012724337), (6, 0.049648028), (7, 0.2543621), (8, 0.045004357), (14, 0.18417661), (21, 0.016769242), (22, 0.010027078), (27, 0.027568601), (30, 0.013050929), (39, 0.014875255), (48, 0.020198405), (49, 0.17288911)]
[(0, 0.06961469), (7, 0.49804828), (8, 0.045043826), (14, 0.027035005), (21, 0.11876021), (30, 0.08655023), (35, 0.013179857), (39, 0.012105058), (47, 0.02225473), (48, 0.012798717), (49, 0.06103695)]
[(0, 0.0665376), (3, 0.062664896), (7, 0.1347446), (8, 0.042793665), (9, 0.04452379), (21, 0.01297949), (22, 0.025107786), (25, 0.01493383), (30, 0.0224217), (37, 0.010202539), (43, 0.08250108), (47, 0.26532653), (48, 0.053021677), (49, 0.12341235)]
[(0, 0.054242384), (4, 0.12803686), (5, 0.018791119), (7, 0.022835163), (14, 0.014091115), (21, 0.035777323), (22, 0.02651067), (30, 0.09269631), (31, 0.010516324), (32, 0.21145096), (34, 0.012534464), (35, 0.034225512), (43, 0.081210725), (47, 0.026433222), (48, 0.018014893), (49, 0.1728944)]
[(0, 0.034323893), (5, 0.29013336), (6, 0.026213435), (7, 0.07556602), (8, 0.18739492), (9, 0.10127283), (14, 0.017373618), (22, 0.044850536), (27, 0.06300589), (39, 0.011610282), (47, 0.028842391), (48, 0.022192022), (49, 0.07766618)]
[(0, 0.11724301), (2, 0.02149113), (5, 0.018855222), (7, 0.025270218), (8, 0.022966886), (13, 0.122260004), (21, 0.07719676), (23, 0.14149292), (30, 0.057240345), (36, 0.28124902), (48, 0.015773771), (49, 0.065881565)]
[(0, 0.02647724), (4, 0.030896947), (8, 0.05643881), (9, 0.25459233), (21, 0.027732965), (22, 0.235016), (31, 0.014534707), (35, 0.113374054), (45, 0.053359684), (48, 0.047232233), (49, 0.10686546)]
[(0, 0.06258596), (4, 0.16770683), (7, 0.018158441), (21, 0.039485622), (22, 0.03745933), (25, 0.014142512), (30, 0.043400783), (32, 0.17038006), (34, 0.013571306), (35, 0.01903182), (39, 0.010041301), (43, 0.11205368), (47, 0.034083676), (48, 0.057148363), (49, 0.16639192)]
[(0, 0.16203895), (5, 0.027354145), (6, 0.07061089), (7, 0.28874102), (8, 0.12823673), (14, 0.029843347), (27, 0.027321452), (39, 0.029621677), (47, 0.0471011), (48, 0.050109774), (49, 0.117428154)]
[(0, 0.052769568), (7, 0.010927303), (11, 0.04738386), (13, 0.059139907), (21, 0.110893056), (22, 0.044322003), (23, 0.50307214), (30, 0.017340306), (39, 0.021587871), (47, 0.019353334), (48, 0.05439395), (49, 0.03225261)]
[(0, 0.061690584), (4, 0.02985337), (5, 0.012424328), (7, 0.024479754), (13, 0.027020479), (21, 0.022715217), (25, 0.3575464), (30, 0.058537714), (35, 0.0443038), (39, 0.064551175), (47, 0.0679891), (48, 0.09893372), (49, 0.11433814)]
[(0, 0.08562741), (4, 0.05412906), (7, 0.046620633), (9, 0.068458505), (14, 0.025395202), (21, 0.08098829), (22, 0.16068622), (30, 0.083278485), (35, 0.022843162), (45, 0.17032252), (47, 0.035511266), (48, 0.024682537), (49, 0.11595308)]
[(0, 0.21797793), (7, 0.03258073), (8, 0.050178293), (14, 0.4127005), (21, 0.12564568), (47, 0.0134414155), (48, 0.03821886), (49, 0.06552972)]
[(0, 0.07163008), (2, 0.0110070575), (7, 0.010497484), (11, 0.06835682), (13, 0.05781751), (14, 0.017499603), (21, 0.124730095), (23, 0.494669), (30, 0.055809803), (48, 0.014585196), (49, 0.042073913)]
[(0, 0.08748903), (7, 0.013438676), (11, 0.13743779), (13, 0.055788625), (21, 0.07706432), (23, 0.4144035), (30, 0.10912566), (47, 0.018270185), (48, 0.020970663), (49, 0.03970064)]
[(0, 0.030190395), (3, 0.068001054), (4, 0.010919723), (7, 0.49477276), (11, 0.015463289), (21, 0.13349032), (30, 0.08476616), (48, 0.013500213), (49, 0.09366173)]
[(0, 0.07574215), (5, 0.031071682), (6, 0.072373986), (7, 0.29469037), (8, 0.27758616), (14, 0.029125081), (22, 0.016174074), (27, 0.022760345), (47, 0.042381126), (48, 0.015380927), (49, 0.093207344)]
[(0, 0.07462982), (1, 0.08670235), (4, 0.0546684), (7, 0.09241309), (9, 0.0314879), (11, 0.16843991), (13, 0.032942533), (14, 0.31065863), (21, 0.010655108), (48, 0.06679901), (49, 0.020475026)]
[(0, 0.115163326), (5, 0.02548021), (8, 0.028484203), (11, 0.11024336), (14, 0.074387476), (21, 0.05874129), (23, 0.42796996), (47, 0.0200244), (48, 0.05074565), (49, 0.055924032)]
[(0, 0.084220216), (4, 0.06854957), (7, 0.02532019), (8, 0.051137898), (9, 0.15076096), (21, 0.032100286), (22, 0.2422042), (30, 0.018343518), (31, 0.022952858), (35, 0.0892227), (45, 0.033264544), (47, 0.016596852), (48, 0.07007766), (49, 0.0682838)]
[(4, 0.0919204), (14, 0.027766818), (22, 0.6493186), (27, 0.061167862), (47, 0.012512798), (48, 0.06255234), (49, 0.07261404)]
[(0, 0.13648698), (2, 0.010483728), (5, 0.014056757), (11, 0.09352521), (13, 0.10050801), (21, 0.08647311), (23, 0.44575), (30, 0.037232265), (49, 0.019930366)]
[(0, 0.0966908), (2, 0.029409721), (7, 0.07094073), (8, 0.020527437), (14, 0.44539303), (21, 0.023780221), (30, 0.037945695), (35, 0.019765455), (47, 0.01384981), (48, 0.029184548), (49, 0.16348293)]
[(0, 0.13556442), (5, 0.024721423), (7, 0.051858984), (8, 0.07840063), (9, 0.02293222), (11, 0.31765687), (14, 0.03770113), (21, 0.016821291), (23, 0.015032468), (31, 0.07789206), (47, 0.014457592), (48, 0.031639926), (49, 0.14629406)]
[(0, 0.036403082), (1, 0.063400924), (4, 0.08127962), (8, 0.0448591), (11, 0.04649697), (14, 0.30561888), (21, 0.11006229), (31, 0.0188605), (39, 0.10171243), (45, 0.026544249), (48, 0.08095382), (49, 0.048356697)]
[(0, 0.12709053), (2, 0.124600165), (7, 0.039532065), (11, 0.1004231), (13, 0.020329056), (14, 0.0127267195), (21, 0.07202875), (23, 0.07748041), (30, 0.06148833), (31, 0.10626138), (36, 0.062754765), (39, 0.024694087), (47, 0.0117151765), (48, 0.0467631), (49, 0.0764457)]
[(0, 0.039302513), (4, 0.055419408), (7, 0.086482614), (8, 0.070331246), (9, 0.02622042), (13, 0.015096618), (14, 0.017418975), (21, 0.07938164), (22, 0.08273085), (30, 0.046613537), (31, 0.019792395), (34, 0.11614451), (39, 0.026531732), (43, 0.076438464), (45, 0.054833334), (47, 0.04265597), (48, 0.031495683), (49, 0.1069395)]
[(0, 0.019757837), (3, 0.05047888), (4, 0.025769876), (5, 0.10070335), (14, 0.017727135), (22, 0.1790009), (27, 0.07221973), (39, 0.027171481), (47, 0.01723994), (48, 0.40783557), (49, 0.0551733)]
[(0, 0.03665096), (3, 0.053682465), (4, 0.05352765), (5, 0.061939597), (7, 0.027731322), (9, 0.048262328), (14, 0.030914916), (21, 0.11773679), (22, 0.064314015), (27, 0.09717107), (30, 0.039602283), (35, 0.021368144), (39, 0.011385755), (43, 0.026630452), (47, 0.03566942), (48, 0.1271749), (49, 0.12374112)]
[(0, 0.12897609), (4, 0.024917735), (14, 0.19117321), (21, 0.018264253), (22, 0.027483473), (30, 0.18224853), (32, 0.13590986), (34, 0.016061166), (35, 0.026834281), (39, 0.026000863), (43, 0.023646003), (47, 0.047988914), (48, 0.039104413), (49, 0.09567904)]
[(0, 0.037414104), (1, 0.06445615), (4, 0.08303299), (8, 0.043893136), (11, 0.047201876), (14, 0.29384324), (21, 0.1129097), (31, 0.019178478), (39, 0.10365649), (45, 0.02712276), (48, 0.0825041), (49, 0.048742384)]
[(0, 0.08903499), (11, 0.18724746), (13, 0.025874475), (14, 0.010016579), (21, 0.11774022), (23, 0.43899682), (30, 0.013066921), (35, 0.0167904), (48, 0.013977897), (49, 0.053559527)]
[(0, 0.04946511), (4, 0.02886879), (5, 0.19837901), (8, 0.013027199), (9, 0.17817554), (14, 0.011478728), (20, 0.064479046), (22, 0.1367277), (35, 0.02407521), (39, 0.012457169), (45, 0.05054507), (47, 0.079624705), (48, 0.07214585), (49, 0.06586259)]
[(0, 0.023473883), (4, 0.1282921), (7, 0.032185163), (8, 0.06261029), (9, 0.045646675), (21, 0.026125366), (22, 0.3307527), (25, 0.0153691545), (30, 0.050502025), (34, 0.014688848), (35, 0.04030123), (47, 0.01536531), (48, 0.039049152), (49, 0.13842823)]
[(0, 0.059119467), (4, 0.047280356), (5, 0.027849972), (8, 0.11179584), (9, 0.03758771), (14, 0.023438785), (21, 0.014008982), (22, 0.34327507), (30, 0.04804856), (34, 0.012243251), (39, 0.014111973), (43, 0.053501587), (45, 0.01674498), (47, 0.02918629), (48, 0.09155005), (49, 0.059239343)]
[(0, 0.0377625), (7, 0.27277526), (8, 0.04939626), (14, 0.011919874), (21, 0.13533103), (22, 0.086582914), (23, 0.18961565), (30, 0.035894584), (48, 0.06872686), (49, 0.07492355)]
[(0, 0.10282152), (1, 0.011879671), (2, 0.11090965), (4, 0.10560497), (5, 0.05280756), (7, 0.016889166), (8, 0.034423243), (14, 0.07834563), (21, 0.0156652), (22, 0.021878647), (23, 0.1699039), (39, 0.012543083), (47, 0.026372354), (48, 0.095302515), (49, 0.105308466)]
[(0, 0.09319539), (5, 0.02180838), (6, 0.09464953), (7, 0.19929083), (8, 0.17937915), (14, 0.117084816), (27, 0.10613688), (48, 0.053610235), (49, 0.07618806)]
[(0, 0.043677814), (4, 0.01598407), (8, 0.16133681), (9, 0.22210611), (13, 0.010126393), (21, 0.07105762), (22, 0.17966215), (30, 0.013029598), (35, 0.077437475), (45, 0.017888058), (47, 0.0110274), (48, 0.095813125), (49, 0.05407696)]
[(0, 0.040798623), (4, 0.047393735), (7, 0.32287586), (9, 0.01179848), (21, 0.07655073), (22, 0.019147852), (30, 0.05923205), (35, 0.011887744), (37, 0.15327096), (39, 0.01701737), (47, 0.02565547), (48, 0.054987807), (49, 0.12269859)]
[(0, 0.11020842), (2, 0.046696026), (7, 0.029172495), (13, 0.019013101), (14, 0.13153747), (21, 0.07522747), (23, 0.11263287), (30, 0.2544404), (34, 0.011556253), (36, 0.015771192), (47, 0.04441393), (48, 0.03685468), (49, 0.08544235)]
[(0, 0.016584001), (4, 0.049236964), (5, 0.035731662), (13, 0.012854825), (21, 0.07387915), (22, 0.22241756), (30, 0.027209563), (34, 0.010649122), (35, 0.088731244), (43, 0.18855648), (47, 0.012872355), (48, 0.07890985), (49, 0.14521848)]
[(0, 0.076142214), (4, 0.013185668), (7, 0.022654906), (8, 0.034642797), (13, 0.033537943), (14, 0.020241225), (21, 0.09102373), (23, 0.32131678), (30, 0.015252705), (36, 0.19471711), (47, 0.012378264), (48, 0.030141901), (49, 0.108082615)]
[(0, 0.053766083), (4, 0.10944992), (5, 0.028469497), (14, 0.015119678), (21, 0.048361346), (22, 0.030247316), (25, 0.4169362), (30, 0.037972726), (35, 0.020360025), (45, 0.01246519), (47, 0.053887416), (48, 0.1014224), (49, 0.047085315)]
[(0, 0.06248788), (3, 0.019468365), (6, 0.016849484), (7, 0.17844313), (8, 0.24368864), (21, 0.13198777), (27, 0.08500994), (30, 0.10840941), (39, 0.0109015), (47, 0.017844599), (49, 0.08273)]
[(0, 0.14087188), (2, 0.0619031), (11, 0.016966209), (13, 0.08036502), (21, 0.087374076), (23, 0.47539034), (30, 0.01924681), (35, 0.015720861), (47, 0.011171371), (48, 0.02022304), (49, 0.0316727)]
[(0, 0.044845153), (1, 0.02790595), (4, 0.019636082), (5, 0.022093017), (7, 0.016862411), (8, 0.036901433), (14, 0.029805074), (21, 0.030928623), (22, 0.027730634), (25, 0.026127074), (30, 0.039064545), (35, 0.18863648), (37, 0.120478734), (39, 0.022426678), (47, 0.14871345), (48, 0.09948814), (49, 0.09330127)]
[(0, 0.027449932), (4, 0.030815376), (7, 0.02317202), (8, 0.035066605), (9, 0.26081696), (13, 0.012459994), (21, 0.058311045), (22, 0.105643615), (25, 0.018229624), (30, 0.02611109), (34, 0.01196589), (35, 0.16652803), (47, 0.049335543), (48, 0.111215375), (49, 0.033358276)]
[(0, 0.059093013), (2, 0.36305982), (4, 0.01850275), (7, 0.017670715), (21, 0.020297386), (22, 0.06217566), (25, 0.010759896), (35, 0.015472404), (47, 0.06741096), (48, 0.19498879), (49, 0.14073533)]
[(0, 0.014479838), (4, 0.024377357), (5, 0.02812311), (7, 0.021679606), (8, 0.1781628), (9, 0.19038537), (21, 0.019201122), (22, 0.2162618), (35, 0.07446177), (39, 0.02238798), (47, 0.041916367), (48, 0.06036752), (49, 0.07996541)]
[(0, 0.052869905), (4, 0.07063284), (7, 0.021642132), (8, 0.046735577), (9, 0.12976879), (14, 0.013313191), (21, 0.033870462), (22, 0.1801427), (30, 0.047808956), (31, 0.0435536), (35, 0.12897344), (45, 0.042566963), (48, 0.017625736), (49, 0.14909379)]
[(0, 0.08790334), (4, 0.036058575), (5, 0.011754055), (7, 0.02339252), (9, 0.037528343), (14, 0.011901443), (22, 0.18805628), (30, 0.07210457), (34, 0.05583502), (39, 0.028292174), (43, 0.1258048), (47, 0.15683068), (48, 0.044475295), (49, 0.083011806)]
[(0, 0.15416604), (5, 0.14307427), (6, 0.027178397), (7, 0.12876797), (8, 0.21241185), (14, 0.040185962), (18, 0.010387081), (27, 0.0714007), (47, 0.024931846), (48, 0.07119697), (49, 0.067292355)]
[(0, 0.021405991), (4, 0.029797005), (5, 0.039614048), (7, 0.07334552), (8, 0.21343683), (9, 0.078014374), (21, 0.03685687), (22, 0.2496889), (35, 0.024017954), (47, 0.024724836), (48, 0.09855513), (49, 0.09044305)]
[(0, 0.07751091), (2, 0.012444319), (7, 0.010743572), (13, 0.06350783), (14, 0.03913027), (21, 0.084282085), (23, 0.5044502), (30, 0.029160302), (36, 0.06512414), (48, 0.016651422), (49, 0.046964377)]
[(0, 0.12159761), (3, 0.010094766), (7, 0.48457456), (8, 0.05801976), (12, 0.014626466), (21, 0.06900178), (30, 0.08085008), (39, 0.012890045), (47, 0.012234988), (48, 0.016324928), (49, 0.080300175)]
[(0, 0.07686786), (5, 0.1299825), (7, 0.056623295), (8, 0.0762498), (11, 0.17418437), (14, 0.06956584), (23, 0.02457729), (31, 0.116103575), (35, 0.010376), (36, 0.077424705), (48, 0.023604678), (49, 0.1234503)]
[(0, 0.057447456), (3, 0.053835075), (7, 0.3422739), (12, 0.075754754), (14, 0.01095374), (21, 0.1287948), (30, 0.12734652), (48, 0.01755409), (49, 0.13857593)]
[(0, 0.16841854), (6, 0.0137127945), (7, 0.12002099), (8, 0.40782228), (14, 0.011396094), (21, 0.03180909), (30, 0.022757351), (35, 0.01138747), (39, 0.010979721), (48, 0.06731089), (49, 0.106708996)]
[(0, 0.068033), (2, 0.02369051), (7, 0.010419815), (11, 0.028910022), (13, 0.09243296), (14, 0.027057987), (21, 0.10255867), (23, 0.47882846), (30, 0.032477807), (35, 0.022460498), (36, 0.016239224), (48, 0.019746969), (49, 0.04920971)]
[(0, 0.08862199), (7, 0.017584752), (8, 0.03261956), (11, 0.23715153), (14, 0.03124193), (21, 0.0155965425), (23, 0.39941716), (30, 0.016780462), (47, 0.010426802), (48, 0.017299773), (49, 0.096765175)]
